date,Comida y bebida,comida rápida,servicios de comida,café y té,hotel,restaurante,hoteles,restaurantes,vuelos,Chevrolet,Mazda,Renault,Toyota,Honda,Hyundai,Usados,Carro,Crédito,Juguetes,Mercado libre,falabella,Homecenter,Éxito,Jumbo,Carulla,celular,Celulares,Ropa,Tenis,Zapatos,Nevera,Secador,Plancha,Airfryer,Lavadora,televisor,Portatil,Computador,Apple,Iphone,samsumg,parlante,Alkosto,Ktronix,cerveza,aguardiente,whisky,vino,poker,aguila,antioqueño,licor,licores,smartphone,viaje,prestamo
2004-01-01,0,0,0,0,44,8,76,45,5,57,70,73,36,61,61,26,15,0,13,7,0,2,0,0,53,34,61,45,31,12,14,0,70,0,9,11,18,53,8,0,46,28,4,4,20,7,23,18,19,3,51,31,29,0,78,89
2004-02-01,0,0,0,0,32,6,63,39,2,48,48,39,47,34,36,48,18,20,25,5,0,2,0,0,23,38,41,47,26,14,0,61,12,0,13,23,30,100,4,0,17,0,2,0,31,8,8,30,9,4,57,45,58,0,64,0
2004-03-01,100,0,75,0,40,7,52,28,3,48,64,51,63,39,16,49,13,10,18,4,0,2,0,2,64,35,50,51,25,12,14,0,28,0,17,43,14,83,5,0,0,38,2,0,37,4,0,29,22,3,60,64,64,0,78,0
2004-04-01,0,0,100,0,37,8,53,25,4,45,59,48,54,44,50,37,19,25,14,7,0,4,0,0,81,31,61,49,27,8,0,25,33,56,14,47,9,61,3,0,20,12,3,0,38,8,0,35,23,2,65,27,49,0,53,27
2004-05-01,0,28,0,0,32,9,58,35,3,46,62,43,50,43,12,44,21,15,21,7,0,5,9,0,84,26,45,51,35,15,11,37,35,51,10,46,22,52,3,0,30,0,2,0,33,9,0,37,13,3,72,22,47,0,44,24
2004-06-01,0,0,0,100,50,10,81,30,7,37,42,59,52,43,35,37,15,23,25,9,0,5,7,2,39,25,52,60,29,15,17,40,13,0,9,22,23,45,4,0,33,27,2,0,19,6,27,23,26,3,56,23,46,0,62,0
2004-07-01,0,0,53,0,46,10,67,38,8,56,59,63,62,52,28,43,21,7,20,8,0,3,5,0,79,26,64,58,32,11,12,20,33,0,20,24,26,47,4,1,64,0,4,0,26,6,12,29,26,3,75,22,81,40,76,100
2004-08-01,0,100,100,0,36,13,61,27,4,42,58,47,36,41,35,42,20,9,20,6,0,3,7,0,70,36,57,54,35,16,14,19,9,0,8,36,20,60,3,0,19,0,2,0,39,6,0,25,22,3,100,27,62,0,60,22
2004-09-01,0,0,0,0,38,11,54,42,5,54,66,57,36,34,25,42,16,13,19,5,0,5,6,0,61,37,64,49,35,13,13,0,30,0,15,27,15,53,4,0,17,10,3,3,100,13,16,26,19,3,61,42,67,9,60,24
2004-10-01,0,27,0,0,40,9,58,33,3,60,65,57,32,39,28,41,17,24,25,7,1,3,6,2,82,30,61,53,25,19,7,19,9,0,0,31,22,48,4,0,84,0,4,0,76,5,51,26,24,3,47,21,49,0,70,40
2004-11-01,0,0,0,0,43,12,73,30,3,62,65,57,42,35,48,39,19,25,40,7,0,5,0,1,61,29,65,59,25,14,9,35,0,0,15,45,9,45,4,0,28,29,2,0,27,15,11,15,42,2,66,29,70,0,58,34
2004-12-01,50,80,0,0,54,17,97,48,9,82,76,70,54,48,55,60,19,27,63,10,1,6,10,1,72,38,84,68,28,19,9,40,14,0,5,25,21,33,9,0,0,0,6,7,30,11,29,17,51,3,22,78,100,0,62,21
2005-01-01,0,0,90,0,57,14,93,39,7,82,58,59,47,49,48,58,26,11,29,9,0,3,25,0,100,38,90,53,26,19,12,18,35,0,0,12,28,39,6,0,100,0,4,5,26,9,10,20,59,4,52,47,32,0,87,28
2005-02-01,0,0,0,0,41,11,61,32,5,57,68,64,38,39,31,42,20,20,19,7,0,3,8,1,86,52,77,50,21,8,9,0,22,0,6,46,22,86,5,1,69,27,3,2,31,9,9,26,42,4,46,21,64,0,50,19
2005-03-01,27,0,64,0,41,9,65,29,6,49,51,53,46,41,39,40,19,19,16,7,0,3,10,0,96,44,80,51,27,14,10,32,15,0,13,34,22,63,4,0,50,8,3,4,51,3,14,24,37,7,49,16,27,0,64,31
2005-04-01,0,0,0,0,37,9,56,27,5,58,54,53,57,46,42,45,20,19,15,11,1,3,3,0,88,47,94,51,21,12,8,33,0,0,6,33,23,54,5,0,39,0,2,2,46,14,8,25,50,5,63,16,42,0,63,17
2005-05-01,0,0,0,0,39,13,65,33,5,58,48,64,52,42,28,46,19,24,14,10,1,3,0,0,70,41,80,52,29,16,13,63,12,0,5,41,20,42,6,0,65,10,3,5,33,6,8,25,39,4,41,31,35,0,56,20
2005-06-01,30,0,36,0,51,14,81,27,6,54,42,57,27,40,55,49,20,10,17,11,1,5,9,0,73,37,69,50,28,17,9,0,15,0,7,23,25,44,7,0,29,0,5,6,34,8,13,22,61,4,29,37,43,0,62,32
2005-07-01,0,0,0,0,52,11,75,37,7,76,58,80,35,40,57,44,24,10,13,13,1,7,3,0,72,42,78,55,25,12,5,29,25,0,8,31,30,39,6,0,68,0,4,1,43,8,7,16,45,4,44,16,31,0,72,34
2005-08-01,18,0,0,74,44,10,69,33,6,53,48,63,41,33,45,42,19,18,19,14,1,5,3,1,83,42,77,47,29,11,11,24,12,18,14,31,20,54,5,0,42,20,5,4,41,9,5,20,38,3,70,15,45,0,69,24
2005-09-01,0,0,0,0,42,13,66,34,6,78,52,67,43,51,44,48,20,16,15,11,1,4,5,1,65,36,74,46,35,16,16,14,12,0,7,26,22,49,5,0,67,0,3,1,46,7,3,22,26,13,25,38,42,8,52,17
2005-10-01,0,0,0,0,48,11,71,31,4,68,48,57,36,37,34,41,21,20,22,11,1,4,4,1,60,38,69,52,28,15,10,17,28,29,13,30,22,42,7,0,14,19,3,2,49,10,4,25,28,16,43,27,38,0,54,23
2005-11-01,0,0,0,0,50,16,82,36,5,66,40,67,43,39,34,36,24,15,31,16,1,6,5,2,95,36,76,47,25,13,7,27,17,0,4,27,29,35,7,0,73,0,3,4,33,7,7,25,44,5,36,24,54,8,57,32
2005-12-01,0,73,0,0,58,18,98,33,8,82,43,64,43,53,52,46,23,15,42,21,2,5,4,0,74,41,97,56,30,18,5,19,8,0,12,17,31,30,10,2,54,11,7,7,28,5,22,18,45,4,16,44,26,11,61,34
2006-01-01,0,0,40,0,56,15,100,43,8,92,65,73,56,63,79,59,26,18,8,20,2,5,9,4,63,43,86,46,28,13,7,30,16,52,6,23,33,32,10,0,51,11,5,0,18,3,14,16,33,3,21,28,34,17,65,13
2006-02-01,0,40,0,0,39,12,58,32,4,66,55,52,57,44,46,55,28,15,19,16,2,4,3,1,70,43,68,41,26,12,8,0,8,0,11,28,27,77,7,0,38,0,3,4,25,5,9,20,37,3,48,13,36,5,52,20
2006-03-01,0,0,0,45,44,15,63,36,3,62,40,53,48,46,44,50,24,21,14,19,1,4,4,0,80,40,64,46,23,13,12,8,15,0,13,37,33,63,6,0,42,5,4,2,24,8,6,21,32,4,22,26,53,0,60,24
2006-04-01,0,0,20,0,43,13,62,29,6,62,42,57,53,42,54,48,26,13,13,20,1,5,8,0,66,42,64,47,24,15,14,19,14,17,8,34,29,40,5,0,53,5,4,3,24,8,13,15,26,4,42,18,42,0,47,23
2006-05-01,0,0,0,0,41,14,55,32,4,62,45,55,35,35,55,48,26,17,12,21,1,5,3,0,59,39,70,45,26,15,13,6,17,0,9,26,25,39,6,0,40,13,4,3,23,6,5,23,27,3,42,19,33,12,53,25
2006-06-01,0,0,0,0,54,12,73,29,6,61,39,51,32,41,44,47,24,15,17,22,1,4,3,0,76,33,66,47,23,14,12,0,13,0,10,27,35,34,7,0,62,4,4,5,38,7,11,19,37,6,35,20,33,0,53,30
2006-07-01,0,0,30,0,58,15,77,32,6,73,40,63,43,43,49,65,25,23,16,23,1,6,3,0,79,32,64,45,26,13,10,28,12,0,11,29,40,35,7,0,64,0,6,4,26,7,3,13,53,4,38,22,30,14,64,29
2006-08-01,10,24,22,0,50,13,59,30,6,70,45,50,52,42,42,54,27,16,13,21,3,5,0,0,80,30,56,42,20,12,12,9,17,0,12,26,33,39,8,0,59,10,5,1,23,6,9,17,42,2,64,25,37,6,64,33
2006-09-01,0,0,0,0,47,17,60,32,6,72,41,56,36,43,45,51,29,28,15,23,2,5,0,0,88,31,61,40,27,12,11,18,18,0,5,33,33,38,6,0,34,14,4,5,38,4,19,22,40,3,40,26,25,7,53,34
2006-10-01,0,0,0,0,48,16,71,36,5,61,39,52,36,42,41,49,27,13,17,24,1,5,4,0,56,28,55,41,27,15,10,13,19,0,9,34,38,35,7,1,32,12,4,5,29,9,8,21,58,3,39,25,30,6,61,32
2006-11-01,0,0,0,0,51,16,64,32,6,66,45,51,35,52,48,54,30,14,26,23,4,6,3,0,53,28,53,42,28,16,7,15,15,0,11,20,33,26,7,0,26,0,4,4,29,9,17,23,60,3,25,21,34,7,46,26
2006-12-01,0,14,16,0,47,20,77,34,6,69,45,60,46,45,38,47,32,13,39,30,4,7,5,1,72,28,69,54,21,15,9,12,12,0,3,13,30,19,9,1,47,8,6,8,28,6,16,24,100,3,19,29,20,0,41,32
2007-01-01,0,10,21,0,54,16,79,27,7,93,51,73,51,55,74,67,36,14,13,28,3,5,9,1,52,30,63,40,26,13,11,6,20,0,5,16,45,25,10,11,27,0,5,6,18,5,18,15,80,2,21,20,25,0,55,37
2007-02-01,0,0,19,0,43,14,53,26,5,74,45,49,44,41,49,48,32,14,13,23,2,4,3,1,54,36,52,34,23,11,18,8,14,0,6,31,41,61,7,3,31,5,4,6,19,3,5,15,68,3,31,17,29,8,46,19
2007-03-01,0,0,0,0,42,15,60,26,6,77,45,56,44,40,41,49,31,13,11,23,2,5,5,8,61,31,48,39,21,12,11,18,19,7,8,29,37,47,6,2,35,5,4,3,22,4,10,19,69,3,31,20,34,8,45,19
2007-04-01,0,7,10,0,42,15,54,27,5,74,47,60,54,43,60,45,34,13,11,26,3,5,2,1,48,32,52,35,24,14,5,22,15,0,9,30,35,37,7,2,27,13,4,5,21,7,6,22,89,3,35,33,30,4,51,25
2007-05-01,4,5,19,0,39,17,52,34,5,54,41,56,61,38,51,44,30,15,12,23,3,5,4,1,54,30,54,41,21,12,16,21,15,11,8,34,38,34,7,2,34,8,4,5,31,6,7,24,67,4,34,27,33,2,51,30
2007-06-01,0,0,0,0,45,17,70,29,7,82,59,59,54,43,51,51,38,14,12,26,2,4,3,1,59,29,56,43,25,13,9,16,17,0,7,26,42,32,9,7,36,11,5,5,23,5,6,18,67,3,26,23,28,9,55,28
2007-07-01,0,0,0,15,44,17,64,31,7,86,61,64,50,52,53,46,36,13,13,29,3,5,4,0,49,30,56,42,25,14,8,7,19,0,9,25,43,31,9,10,42,15,5,6,22,5,6,17,79,3,33,24,26,12,49,33
2007-08-01,0,0,0,0,39,15,57,28,7,69,51,51,46,48,45,47,33,17,31,27,3,4,3,1,51,30,54,38,24,13,8,13,13,0,8,28,46,33,7,5,42,0,5,5,24,6,7,23,63,3,58,25,25,7,49,24
2007-09-01,0,0,0,0,42,17,54,32,6,67,50,46,42,46,38,42,32,16,19,26,2,5,4,1,51,28,54,41,24,11,9,13,17,0,8,29,46,34,8,8,49,11,5,5,23,4,9,18,58,2,39,27,25,8,47,35
2007-10-01,0,9,0,0,42,16,55,29,7,60,46,48,46,40,40,40,32,11,16,25,2,5,3,0,41,28,51,42,25,12,13,0,22,0,11,32,44,31,7,10,46,8,4,3,24,8,7,19,55,3,31,25,25,6,57,35
2007-11-01,0,0,10,0,40,18,53,29,6,60,51,55,53,39,43,43,34,11,22,27,3,5,2,1,40,26,50,41,23,13,13,0,19,0,9,25,40,27,7,13,32,6,5,6,22,7,10,17,58,2,28,23,26,8,48,26
2007-12-01,0,0,14,28,41,21,62,34,8,67,56,55,51,47,44,43,37,15,37,36,5,6,5,1,40,31,57,45,22,15,10,14,11,0,4,20,43,19,10,15,45,9,7,7,20,7,13,22,68,6,20,38,22,11,39,13
2008-01-01,0,0,11,0,51,16,68,27,8,88,60,71,51,54,57,57,41,13,11,31,4,6,4,1,32,31,54,37,24,10,9,9,14,0,7,18,58,24,11,14,51,9,4,4,18,4,5,12,63,3,28,22,20,0,52,32
2008-02-01,0,8,0,0,42,15,51,27,6,58,50,54,41,44,38,41,36,7,12,25,3,5,2,1,37,37,49,34,21,9,14,13,21,0,9,25,52,53,7,13,32,7,3,5,19,5,4,18,48,3,30,19,21,5,49,32
2008-03-01,3,0,0,31,40,15,50,29,6,55,68,51,43,44,51,45,35,11,11,25,2,5,2,6,43,32,47,39,21,10,12,24,25,0,7,31,45,42,8,13,29,8,4,6,19,3,8,20,50,3,29,21,23,5,51,28
2008-04-01,0,4,7,36,44,17,47,28,7,55,100,54,43,46,55,42,33,13,14,26,3,5,3,4,34,31,44,38,23,12,14,10,24,0,7,31,52,36,7,11,26,12,4,3,19,4,7,18,42,3,28,20,27,4,49,36
2008-05-01,0,3,0,0,39,17,45,30,6,50,57,41,40,40,54,40,32,9,10,26,3,5,3,1,36,28,43,35,26,11,12,13,18,0,6,25,40,29,6,11,33,7,4,3,20,4,10,21,45,2,29,19,25,7,45,29
2008-06-01,0,0,0,0,52,17,55,30,7,53,50,46,39,45,59,39,38,10,12,30,3,7,3,0,37,28,44,37,26,11,9,7,19,8,7,24,54,27,9,20,31,6,4,5,28,7,10,18,52,4,23,30,20,7,55,25
2008-07-01,0,4,0,0,47,18,49,26,7,70,47,51,33,40,69,38,34,11,13,26,4,6,2,0,31,27,39,34,26,11,11,10,18,0,8,21,52,27,8,21,34,6,5,4,20,4,5,14,42,3,26,19,20,3,47,26
2008-08-01,0,0,0,0,43,19,50,30,6,61,45,40,38,39,50,40,32,9,12,24,3,6,3,1,44,27,38,35,34,12,11,10,18,0,7,26,49,30,8,26,32,6,4,3,17,5,7,18,42,3,50,23,18,3,56,26
2008-09-01,0,0,0,12,51,20,49,34,7,53,45,44,33,36,48,41,35,11,13,26,3,7,3,1,41,27,39,36,30,12,15,13,23,7,9,31,54,29,9,23,30,8,4,3,18,6,9,19,44,2,30,29,21,9,51,25
2008-10-01,6,5,0,0,53,19,49,30,6,55,46,52,33,36,44,40,35,11,15,26,3,5,1,1,37,27,36,37,24,13,11,20,16,0,7,24,52,26,7,14,34,5,4,4,31,5,5,18,48,3,26,28,16,6,51,27
2008-11-01,0,7,0,0,47,19,49,32,6,52,43,46,28,36,35,37,34,10,18,26,4,5,3,0,40,25,36,37,23,12,10,6,19,0,7,20,53,24,7,12,34,6,3,4,14,5,7,18,55,2,21,26,23,7,46,24
2008-12-01,0,0,0,16,49,24,57,36,7,55,44,45,36,40,34,40,39,9,35,38,7,7,2,0,50,27,42,42,21,17,13,10,18,6,7,17,54,17,9,16,57,13,6,7,16,8,14,25,66,1,19,32,17,8,42,21
2009-01-01,0,0,6,0,49,21,59,30,7,74,53,61,47,47,51,58,44,10,8,37,5,7,1,0,34,30,40,36,27,12,8,11,14,0,8,21,58,21,7,16,45,6,4,5,15,4,10,15,65,1,22,30,14,10,48,32
2009-02-01,0,0,0,37,38,18,46,29,6,58,43,47,34,37,40,49,42,9,11,29,4,6,3,1,26,38,42,33,22,11,14,9,24,6,9,37,55,42,7,13,28,8,4,4,16,5,7,17,53,2,24,25,22,8,49,32
2009-03-01,0,0,0,0,44,20,48,27,7,57,42,47,33,40,35,43,39,13,11,30,4,6,3,9,32,33,37,32,21,12,11,8,17,5,9,35,54,38,6,12,33,11,3,3,15,4,5,16,52,3,25,24,20,4,44,37
2009-04-01,0,0,0,0,42,20,52,32,8,54,48,50,37,44,45,57,41,7,8,42,5,8,3,1,33,32,38,41,25,13,14,12,18,3,7,37,56,28,6,12,24,9,4,5,17,7,7,18,58,2,30,22,21,8,47,34
2009-05-01,0,0,0,0,43,20,43,31,7,59,39,50,35,40,45,56,34,9,11,44,4,7,2,1,49,31,39,39,28,13,10,8,26,0,10,36,51,28,6,11,18,7,3,5,19,6,8,22,64,2,28,24,21,6,46,35
2009-06-01,0,7,0,0,60,21,58,34,9,61,44,48,34,41,49,58,33,8,12,50,5,8,2,1,51,30,40,42,31,13,12,11,19,14,8,35,53,23,7,17,25,11,4,4,19,4,13,18,87,3,27,19,18,9,45,33
2009-07-01,0,0,9,0,53,20,51,33,10,64,44,53,32,42,47,62,29,9,11,55,5,7,3,1,53,32,39,42,32,15,12,7,22,0,10,35,57,24,7,17,26,11,3,4,18,7,8,18,86,3,32,28,18,0,55,34
2009-08-01,3,0,0,0,50,20,47,31,9,57,41,43,34,46,44,54,28,7,11,49,4,8,2,0,46,31,38,38,25,13,11,8,19,0,9,35,52,25,6,18,30,12,4,4,20,7,8,19,67,3,45,27,22,4,49,28
2009-09-01,0,7,0,0,49,25,48,36,9,53,42,44,36,43,50,60,27,7,15,51,5,7,3,1,55,30,39,42,32,16,11,17,21,0,8,35,54,27,7,17,27,18,4,4,20,7,14,21,67,3,27,22,25,7,44,24
2009-10-01,2,0,0,0,52,21,51,36,10,58,47,46,35,42,48,57,24,6,25,54,5,7,2,1,55,29,38,48,24,15,11,6,20,0,7,32,51,22,7,16,19,9,3,3,18,6,10,18,64,2,28,31,23,10,49,36
2009-11-01,0,0,0,0,51,25,52,40,11,59,48,47,39,41,62,64,26,7,52,61,6,9,0,0,45,30,39,60,26,19,14,8,26,0,8,26,56,24,7,17,23,12,4,6,20,7,10,21,72,3,28,34,23,9,41,41
2009-12-01,0,10,0,0,56,30,61,39,11,64,46,60,37,43,55,65,27,7,60,78,10,9,2,1,48,33,47,82,24,22,14,14,19,11,8,21,58,17,8,19,26,16,6,8,19,6,20,22,67,3,19,35,22,8,45,26
2010-01-01,0,0,0,0,59,22,62,34,13,78,55,64,46,50,73,84,29,5,28,68,8,10,2,1,31,39,46,75,31,16,12,5,20,0,8,24,59,20,11,19,27,12,4,5,16,6,12,14,74,2,22,25,17,12,45,39
2010-02-01,0,0,0,0,48,23,50,29,10,65,51,51,47,47,79,73,29,6,21,55,7,8,1,1,39,52,45,71,24,15,15,10,28,0,10,32,58,45,8,15,21,9,4,5,16,4,11,17,59,2,25,25,20,7,37,35
2010-03-01,0,0,0,0,49,24,51,32,10,58,43,48,37,44,55,66,25,9,19,55,6,7,3,5,42,42,37,72,23,15,16,9,27,3,10,23,53,31,7,14,22,9,3,6,16,6,9,19,53,2,27,27,19,7,44,32
2010-04-01,0,0,0,0,47,27,48,38,11,71,48,52,40,39,59,77,30,7,17,61,8,9,2,10,45,39,38,81,25,18,16,14,25,0,10,28,54,29,8,16,24,6,4,6,16,7,12,17,55,3,27,30,25,6,42,31
2010-05-01,0,0,0,9,48,28,46,34,10,75,49,59,36,40,49,80,26,10,19,63,7,8,3,1,40,34,38,87,28,16,13,11,22,0,10,28,49,26,7,14,27,13,4,6,18,7,13,18,51,3,30,32,26,7,43,36
2010-06-01,0,0,0,0,54,31,59,38,12,74,46,59,31,44,55,89,28,9,14,69,9,8,4,1,40,32,39,100,31,18,15,6,26,0,7,33,54,21,9,21,33,9,5,7,18,8,12,20,51,3,24,35,25,7,47,29
2010-07-01,2,0,0,32,56,29,56,36,12,92,47,68,38,44,63,100,28,7,14,62,10,8,4,1,33,42,39,84,25,19,13,8,22,6,12,30,53,22,9,21,27,9,4,8,18,8,15,21,53,3,30,26,21,10,50,33
2010-08-01,0,22,0,0,50,27,51,31,9,67,40,68,35,46,63,89,29,8,13,56,8,10,3,1,33,33,34,59,25,18,13,13,26,0,11,26,50,22,8,19,25,8,5,7,17,8,11,21,44,2,47,28,22,6,44,42
2010-09-01,0,0,16,0,56,31,50,35,10,66,45,56,34,45,62,81,27,7,15,58,9,9,3,1,37,28,34,60,32,17,16,11,26,0,10,24,56,25,10,21,33,11,4,10,20,8,12,23,58,2,31,31,24,13,47,34
2010-10-01,0,0,0,9,54,29,52,34,11,65,45,65,36,45,72,79,27,6,20,58,9,10,2,1,42,28,33,60,27,20,15,11,29,5,9,26,52,21,9,20,20,10,4,9,24,7,12,22,68,4,29,36,27,10,47,31
2010-11-01,0,4,23,0,57,32,51,39,12,72,50,66,41,47,71,74,29,6,28,58,13,11,4,1,40,27,34,62,30,21,11,13,28,4,11,21,50,18,9,20,24,14,5,10,20,9,18,21,64,3,23,33,20,10,44,36
2010-12-01,4,0,0,0,57,41,49,47,13,74,47,61,38,48,65,70,35,5,50,53,22,9,3,1,61,29,36,69,32,26,14,8,26,10,12,15,61,14,10,23,30,10,7,16,18,10,23,26,65,2,20,47,24,17,37,30
2011-01-01,1,3,0,0,47,20,51,30,9,86,42,56,37,49,60,72,39,8,13,29,10,8,2,1,24,39,31,72,29,17,11,8,26,0,11,15,54,17,8,21,32,8,4,8,15,6,15,16,62,2,23,27,14,12,44,28
2011-02-01,0,0,0,0,37,21,40,30,8,58,38,48,37,47,61,66,46,6,11,25,9,8,3,1,23,49,42,65,22,16,14,9,27,1,10,28,49,39,7,19,25,11,3,7,19,5,12,18,45,4,22,24,18,16,40,32
2011-03-01,0,0,1,0,39,19,36,26,7,62,32,52,33,38,60,56,39,6,11,22,8,9,3,7,25,40,30,52,22,15,14,10,25,0,9,23,45,33,7,18,23,13,3,6,18,5,11,16,42,3,22,28,15,14,37,30
2011-04-01,2,0,3,0,43,20,41,30,8,69,36,52,36,42,74,51,46,7,12,38,10,8,4,4,26,38,33,57,25,16,14,10,29,0,11,25,47,26,7,21,28,10,3,7,16,5,13,18,52,2,23,26,12,14,39,29
2011-05-01,1,1,4,3,41,24,36,31,8,74,34,52,35,41,77,53,44,7,13,41,10,8,4,1,24,39,34,51,26,17,15,12,30,0,10,24,44,23,8,22,27,12,3,7,18,7,15,21,46,3,22,28,19,19,43,32
2011-06-01,0,1,0,0,51,25,50,31,9,72,34,63,37,42,84,52,43,6,11,37,11,9,4,1,24,38,29,63,29,18,12,9,31,0,10,21,48,19,8,24,33,11,3,8,18,6,17,19,53,2,20,34,19,18,43,29
2011-07-01,0,3,0,4,45,22,40,30,8,70,38,61,35,46,85,53,50,6,13,39,12,10,4,0,25,40,31,73,26,18,12,7,30,0,9,27,46,23,8,23,31,12,4,8,18,7,15,21,46,2,25,30,15,18,45,28
2011-08-01,2,0,0,0,46,25,41,30,8,65,35,46,32,45,72,57,47,6,14,38,11,9,5,1,25,40,33,72,24,21,15,13,36,0,11,27,50,26,9,25,27,10,5,9,18,7,13,21,40,3,42,33,17,21,44,31
2011-09-01,1,2,1,0,45,27,40,30,7,59,34,50,31,42,71,52,45,7,17,38,10,10,5,1,27,38,32,87,29,20,14,9,32,0,10,24,47,23,8,28,32,12,4,9,21,6,11,23,48,3,22,37,19,25,42,31
2011-10-01,0,2,1,0,47,26,44,32,8,67,36,44,34,42,74,55,54,6,22,51,11,10,6,1,24,43,35,75,24,23,13,10,31,0,11,26,47,23,23,41,33,11,4,9,23,7,14,29,62,4,24,33,22,26,47,32
2011-11-01,2,1,0,0,51,27,40,32,8,70,35,50,37,43,72,51,59,6,31,46,18,11,6,1,28,38,32,62,30,24,14,8,36,4,11,24,51,22,13,34,40,12,4,12,21,7,17,22,58,4,22,39,25,32,43,28
2011-12-01,0,4,0,0,50,33,45,37,10,67,35,55,38,43,68,48,57,5,44,31,25,11,5,1,39,43,35,64,29,31,10,10,41,0,12,21,53,15,14,39,55,13,6,20,22,10,29,28,63,3,17,48,23,40,46,24
2012-01-01,0,4,0,0,54,27,59,35,11,83,41,78,41,53,88,74,68,4,14,29,17,11,4,1,24,50,40,52,30,19,14,9,28,2,11,20,55,18,12,39,47,12,5,18,19,7,19,22,55,2,28,38,19,45,51,35
2012-02-01,0,2,4,0,43,27,43,32,9,65,36,71,33,56,75,57,74,6,13,27,12,11,5,1,25,55,43,48,22,18,15,12,32,0,13,27,53,37,12,34,39,14,4,10,19,5,13,21,40,3,23,29,21,39,50,34
2012-03-01,1,2,1,0,44,27,41,28,7,62,32,68,29,52,67,63,59,7,13,37,12,9,6,4,27,44,33,39,26,21,14,9,32,0,12,25,48,35,14,31,39,12,4,9,19,5,13,20,46,3,20,30,18,44,45,31
2012-04-01,2,0,2,0,42,26,41,31,8,63,34,70,31,45,74,52,64,6,14,47,15,9,5,3,37,43,31,51,23,19,14,9,34,0,14,25,50,25,11,36,36,12,4,10,17,5,13,21,38,2,20,27,17,45,47,33
2012-05-01,1,4,0,0,45,31,39,33,8,73,31,69,32,40,67,54,67,8,13,47,14,10,5,1,36,41,29,50,29,24,16,11,32,0,14,28,49,25,11,35,38,11,4,10,19,6,15,22,36,2,23,30,17,39,44,37
2012-06-01,0,3,0,0,53,34,61,34,12,73,36,70,31,47,76,54,70,6,16,40,18,12,6,1,35,43,32,54,33,23,16,10,36,0,12,23,52,20,14,43,45,12,5,12,18,8,17,21,41,2,21,34,17,39,49,36
2012-07-01,0,3,1,0,52,31,51,30,10,86,42,68,33,46,77,62,71,6,20,37,19,12,5,1,30,44,35,50,38,26,16,8,36,2,15,29,54,21,13,46,48,12,5,13,20,7,15,20,40,3,27,31,17,42,50,35
2012-08-01,0,3,3,0,48,31,47,31,10,70,34,51,30,43,64,54,74,7,16,31,17,12,6,1,31,43,31,49,39,24,15,9,38,1,13,27,52,22,15,44,44,12,6,13,18,7,15,21,32,2,39,29,20,40,47,37
2012-09-01,1,3,1,0,47,36,47,33,10,78,34,62,32,45,67,49,73,7,19,34,19,13,7,1,33,75,64,49,27,25,17,11,39,0,13,28,54,20,20,69,41,13,5,13,21,7,17,22,32,2,25,34,21,42,48,40
2012-10-01,1,0,0,0,54,31,49,30,11,80,32,54,29,41,67,54,60,7,22,34,19,12,7,2,30,65,47,51,25,30,15,9,32,0,13,25,50,20,14,40,39,11,5,12,17,6,14,20,31,2,22,28,18,34,48,36
2012-11-01,0,2,2,0,55,34,51,33,11,85,32,52,30,44,72,48,67,8,32,33,24,15,7,1,29,50,36,56,27,33,15,11,41,0,11,24,50,17,14,50,43,16,7,16,18,8,17,21,35,2,20,32,23,40,44,33
2012-12-01,0,1,0,0,56,42,55,37,12,84,33,50,31,41,71,45,71,6,44,35,32,14,6,1,40,56,45,60,27,39,15,9,42,0,12,23,55,13,16,59,57,15,12,22,22,10,33,28,41,3,18,42,22,66,48,26
2013-01-01,0,0,2,0,60,33,65,33,15,92,40,63,36,56,78,66,73,6,16,31,24,14,4,2,25,62,44,47,24,28,16,10,34,1,14,22,61,16,14,59,51,13,7,15,17,6,20,20,40,2,29,30,16,57,56,36
2013-02-01,0,3,0,5,49,34,47,33,11,88,34,57,31,50,66,52,69,7,14,26,21,18,6,1,32,69,42,45,22,26,19,12,37,0,14,28,61,32,12,52,49,14,7,13,20,5,13,20,32,3,22,25,18,52,46,35
2013-03-01,0,4,0,4,51,36,53,35,13,82,36,69,30,47,67,55,64,7,15,29,20,19,6,5,32,58,39,46,24,25,17,11,36,0,15,27,61,27,11,44,47,11,6,13,19,5,13,21,36,3,22,27,18,46,51,34
2013-04-01,0,5,2,0,48,34,46,32,13,82,36,62,30,47,62,57,75,8,21,30,21,17,5,10,32,56,37,49,25,25,21,15,38,0,14,26,61,26,10,41,38,13,8,14,17,6,12,20,31,2,24,33,18,44,49,39
2013-05-01,1,2,0,0,51,40,47,34,15,69,33,55,31,44,63,53,67,9,18,27,23,18,7,4,30,53,37,50,28,27,18,13,37,0,14,27,55,22,11,42,45,12,7,14,19,6,15,21,30,2,24,32,20,58,52,42
2013-06-01,1,4,2,0,62,41,64,41,17,72,34,58,31,49,69,57,66,8,18,33,24,19,6,16,31,51,41,55,28,31,17,11,33,0,15,28,61,19,12,50,52,13,9,17,21,7,17,20,33,2,21,36,17,61,60,37
2013-07-01,1,7,0,0,58,39,59,38,17,78,38,58,31,50,74,61,67,9,21,34,25,20,7,18,33,58,42,56,31,32,20,11,40,0,16,30,63,20,10,46,50,14,10,15,19,6,16,21,31,2,27,33,19,59,63,37
2013-08-01,0,3,2,0,51,42,47,35,17,69,37,51,31,46,66,61,63,7,21,33,21,21,7,15,30,55,41,54,31,27,18,13,38,0,14,27,57,19,11,44,44,17,14,16,22,7,16,22,33,2,50,31,19,66,51,39
2013-09-01,0,3,2,0,52,44,45,38,17,67,33,50,30,44,61,64,65,8,21,32,19,21,7,17,32,55,47,55,32,27,17,11,38,0,15,31,58,21,15,64,43,15,9,14,22,6,15,22,31,2,28,37,22,74,52,37
2013-10-01,1,3,0,0,57,38,60,36,16,73,36,57,30,43,63,71,62,8,25,29,21,19,7,18,30,57,44,58,29,29,18,14,39,0,15,28,61,17,11,45,47,14,9,13,21,8,16,20,30,2,26,32,18,75,64,38
2013-11-01,0,1,1,0,56,43,50,40,18,74,38,54,33,43,66,62,64,8,33,34,31,22,9,20,33,58,44,59,33,34,19,15,40,0,16,29,54,17,11,50,45,16,12,18,19,7,18,22,32,2,22,36,23,85,53,37
2013-12-01,0,1,4,0,58,52,58,43,18,77,43,60,35,46,68,60,70,7,71,40,48,23,8,29,100,69,53,71,35,45,18,15,49,0,15,27,62,12,12,58,54,20,18,28,24,10,36,29,40,2,22,54,26,100,54,28
2014-01-01,0,2,0,0,65,44,72,41,25,86,48,66,38,62,78,81,79,8,27,35,27,23,8,19,34,68,52,59,32,28,21,12,39,1,19,28,58,17,11,55,45,18,11,17,20,7,21,22,37,2,32,36,18,72,70,41
2014-02-01,0,6,0,0,46,39,48,33,16,72,42,61,32,48,61,63,70,8,22,30,22,22,8,16,30,66,47,47,20,24,19,12,40,1,17,32,57,32,9,44,39,16,9,14,18,5,13,20,34,2,23,26,17,57,53,41
2014-03-01,0,5,2,0,53,40,51,38,16,84,45,64,35,50,80,64,67,10,23,28,22,22,8,28,37,69,46,54,29,27,23,13,45,0,17,32,61,27,10,42,39,17,10,14,22,6,14,21,55,2,24,33,18,56,63,41
2014-04-01,0,2,1,0,57,43,55,37,17,78,43,59,35,51,100,68,71,9,23,27,21,21,9,14,42,62,41,53,26,29,22,15,40,1,18,33,54,22,9,41,35,13,12,15,19,6,14,22,34,2,23,33,18,63,71,36
2014-05-01,0,3,2,0,50,46,43,41,16,74,37,53,32,45,85,60,60,9,23,27,24,21,8,14,33,58,44,54,29,28,21,15,46,0,17,36,52,19,9,37,32,15,11,14,19,6,16,22,29,2,22,33,20,66,65,41
2014-06-01,0,2,1,0,57,42,56,37,19,69,34,61,29,47,74,59,60,8,24,26,28,20,9,16,33,58,42,48,29,30,21,11,33,0,17,41,43,15,8,36,34,14,13,16,20,7,16,19,29,2,21,37,19,61,55,36
2014-07-01,0,6,3,0,59,42,56,43,20,78,47,63,32,42,84,63,62,10,25,26,25,22,8,14,33,60,45,58,25,30,24,12,40,0,18,32,56,18,8,37,38,16,11,15,19,7,15,19,27,2,26,32,17,55,65,40
2014-08-01,1,4,0,2,53,43,50,40,17,88,52,63,35,47,73,60,63,9,25,27,25,24,9,13,32,62,41,58,31,30,25,14,39,1,17,29,55,18,9,39,35,16,15,16,20,7,17,22,26,2,41,37,22,50,57,43
2014-09-01,1,3,0,3,50,43,45,38,16,65,42,57,32,44,63,59,49,10,24,27,23,22,8,12,30,55,39,52,25,30,20,14,35,1,17,28,46,15,16,62,29,17,12,14,21,7,14,22,22,2,24,31,19,55,54,40
2014-10-01,1,3,0,0,57,46,55,40,18,75,45,64,34,46,77,59,50,10,34,24,24,22,11,19,33,58,43,57,27,35,22,13,41,0,19,29,49,16,10,39,32,17,11,15,21,7,17,22,27,2,22,36,18,55,63,41
2014-11-01,0,4,1,0,55,48,48,45,18,79,50,70,34,50,73,68,51,11,42,24,35,28,11,20,35,56,46,58,34,39,23,15,43,0,18,30,49,14,9,47,37,19,15,19,20,8,19,23,27,2,22,39,22,66,55,39
2014-12-01,0,4,0,0,63,59,62,46,21,71,53,64,38,52,67,62,57,10,77,31,56,25,12,36,57,70,50,72,38,57,22,15,51,2,20,34,48,11,11,58,45,31,21,30,25,10,38,32,34,3,21,65,26,78,59,32
2015-01-01,0,4,0,0,71,49,74,47,26,96,60,81,46,69,98,73,66,10,32,27,32,29,10,23,42,73,51,60,30,33,25,14,48,0,23,32,62,14,10,49,40,22,15,19,27,8,23,25,30,12,28,42,18,66,89,46
2015-02-01,1,5,0,0,51,49,43,43,17,72,54,62,35,61,70,67,67,11,26,22,25,26,11,18,41,72,47,48,24,29,26,15,42,2,21,34,57,30,9,42,36,20,13,16,23,6,15,23,22,32,20,36,18,48,54,44
2015-03-01,0,4,0,0,53,49,51,46,18,75,51,61,35,58,72,68,59,11,26,21,24,25,11,24,34,64,46,52,26,32,26,12,41,1,20,31,58,25,11,49,34,19,13,15,22,6,16,24,31,36,23,38,19,52,59,44
2015-04-01,1,4,1,0,54,52,52,42,19,76,64,67,36,55,76,61,82,12,30,22,24,24,10,24,39,68,45,57,28,34,26,14,47,0,21,33,60,21,10,43,39,19,13,15,21,7,15,25,23,42,21,38,19,46,67,43
2015-05-01,1,4,0,0,55,55,46,51,19,70,52,60,38,54,64,65,62,13,28,23,27,23,11,19,37,61,44,57,34,37,28,16,42,1,23,34,50,18,9,42,35,21,12,15,23,8,16,25,23,46,25,40,21,49,66,45
2015-06-01,0,3,2,0,62,50,59,44,22,73,49,89,33,54,63,64,63,13,31,22,32,26,11,24,36,60,42,57,32,38,27,14,42,2,22,34,53,15,9,39,37,21,17,19,24,8,18,23,22,12,22,40,20,42,73,41
2015-07-01,0,6,2,4,64,54,62,47,23,75,56,88,40,58,77,68,61,13,31,24,28,27,12,22,37,65,42,64,35,40,27,17,44,0,25,34,51,17,10,43,37,22,15,15,22,8,17,25,21,20,31,38,22,48,74,45
2015-08-01,1,4,2,0,61,55,53,51,20,75,53,78,43,55,77,67,66,12,30,21,25,28,11,18,36,56,42,57,35,36,28,13,44,0,23,32,55,18,10,42,32,22,18,16,25,7,18,24,18,28,38,43,22,42,64,39
2015-09-01,0,5,1,2,66,61,51,50,19,68,51,86,45,56,70,68,75,11,33,22,27,26,13,22,37,59,42,62,39,39,28,16,46,0,23,31,54,17,12,47,37,26,15,15,30,8,20,26,20,29,26,44,23,35,64,48
2015-10-01,0,3,2,0,74,57,48,48,21,65,51,64,46,52,66,67,61,13,41,22,29,26,13,23,34,60,41,62,33,40,27,15,43,0,23,31,51,15,10,43,36,21,13,14,27,8,18,26,21,31,24,41,21,39,78,48
2015-11-01,1,6,2,2,62,62,55,52,22,70,57,67,43,52,79,72,59,14,59,25,47,34,14,31,39,62,48,74,40,55,30,16,49,2,25,32,53,15,10,43,39,26,20,25,28,9,24,28,22,40,24,45,24,49,72,41
2015-12-01,0,4,1,0,72,75,67,59,24,87,62,71,54,56,80,71,71,11,88,30,50,30,15,41,60,75,56,87,51,71,30,19,56,1,27,32,53,10,11,52,49,37,24,30,40,14,46,49,32,18,24,68,35,55,72,35
2016-01-01,0,4,2,3,76,60,75,52,32,86,66,78,55,64,77,84,80,11,32,25,25,26,13,24,41,70,45,58,35,40,34,16,48,0,30,33,46,12,9,46,42,24,14,15,27,8,24,27,23,10,26,48,23,32,77,46
2016-02-01,0,4,1,0,56,49,44,45,20,86,54,66,43,53,61,75,70,11,25,20,21,23,11,19,40,73,46,48,28,31,33,15,47,2,25,32,55,32,8,37,34,22,12,13,23,6,15,24,18,29,23,34,18,34,60,42
2016-03-01,0,3,1,0,58,52,50,42,21,68,51,65,45,50,60,66,60,11,25,19,19,26,10,27,33,64,44,51,31,32,31,16,43,0,24,34,49,24,9,40,33,21,12,13,25,7,16,25,23,27,23,35,19,27,66,43
2016-04-01,1,3,1,0,49,59,41,48,19,68,53,72,44,51,65,67,68,12,29,20,24,22,11,23,33,65,42,57,35,35,30,19,44,0,27,33,51,21,8,39,34,20,13,13,24,7,15,26,16,41,23,37,21,29,58,46
2016-05-01,0,5,1,0,54,66,42,51,23,66,53,60,43,56,55,65,56,12,25,20,25,22,12,20,36,66,39,59,35,36,32,19,43,1,26,32,47,20,8,36,33,21,13,13,27,8,18,28,18,41,23,42,22,30,66,44
2016-06-01,0,3,0,2,72,61,54,50,26,73,51,61,41,60,56,68,58,13,29,21,26,25,11,22,38,62,44,61,36,41,30,18,45,0,25,34,49,16,7,35,37,21,14,15,27,8,17,25,19,25,20,46,24,26,69,39
2016-07-01,1,3,3,0,57,59,54,51,28,74,56,72,48,72,59,70,62,12,29,21,24,26,13,22,33,71,48,61,39,41,31,19,47,1,29,36,48,16,8,41,38,24,15,14,23,7,15,26,19,27,27,45,20,30,79,41
2016-08-01,0,3,0,0,54,55,46,46,25,64,47,59,42,62,54,66,56,10,28,23,22,25,10,19,37,75,56,59,44,37,30,16,43,2,28,32,50,18,8,37,34,24,20,16,23,8,16,31,16,25,42,37,21,26,61,50
2016-09-01,0,4,1,0,57,61,44,50,22,69,51,77,46,54,51,65,55,12,30,24,22,22,11,21,40,62,44,61,34,40,29,18,45,1,27,32,49,16,12,53,31,23,14,13,28,8,19,34,18,23,23,47,24,26,66,47
2016-10-01,1,2,1,2,64,58,56,52,29,67,58,71,46,57,53,62,62,14,35,33,27,25,13,24,39,67,43,64,35,48,31,19,49,0,27,33,45,16,10,41,32,25,14,14,28,8,18,31,20,34,24,46,26,26,76,50
2016-11-01,0,5,3,0,66,67,52,56,30,78,77,94,47,58,58,66,62,14,56,47,43,33,14,35,48,67,51,72,45,55,32,18,50,2,31,36,50,14,10,45,38,28,24,27,25,9,21,35,20,41,24,47,27,30,73,49
2016-12-01,0,3,0,0,65,80,57,65,30,79,66,78,53,65,72,65,69,11,93,51,51,34,15,42,65,72,60,86,58,76,32,21,58,2,32,37,52,10,10,54,48,40,27,28,33,16,46,59,27,17,26,71,38,35,77,38
2017-01-01,1,4,0,0,79,68,82,60,35,87,85,96,57,76,94,81,81,12,34,34,33,33,12,28,47,73,49,56,41,41,38,25,55,3,35,37,53,13,10,53,37,27,20,19,26,9,24,34,20,10,26,52,24,28,89,52
2017-02-01,0,3,1,0,53,60,44,53,25,68,59,69,50,64,68,61,69,11,26,24,26,29,12,24,41,75,46,52,28,33,34,19,54,5,30,36,51,29,9,37,30,23,16,16,25,7,15,51,16,34,23,42,23,25,71,53
2017-03-01,1,5,0,0,57,60,47,53,34,70,54,69,48,59,78,66,55,13,28,23,24,29,13,25,38,62,45,51,33,33,31,21,46,8,30,37,57,26,9,37,30,23,16,15,25,7,15,37,18,37,26,40,21,26,67,49
2017-04-01,1,3,1,4,57,63,55,55,30,67,64,71,70,65,83,58,74,14,32,25,29,29,12,28,41,66,44,57,33,36,33,23,47,8,29,39,52,19,9,40,31,24,19,18,25,8,16,36,16,41,23,37,22,27,78,50
2017-05-01,1,4,4,0,58,67,44,53,29,67,55,67,46,53,62,56,58,15,29,32,31,25,12,24,41,56,43,51,35,35,32,19,46,5,29,36,46,17,8,33,30,23,17,17,24,7,15,32,15,47,23,41,22,26,67,49
2017-06-01,0,4,0,0,73,68,69,74,43,73,60,80,53,69,77,64,70,15,33,46,36,34,14,35,49,61,47,67,39,44,36,20,53,4,35,37,55,13,9,41,33,27,23,21,29,9,21,32,19,25,27,52,27,25,82,51
2017-07-01,1,6,0,0,68,65,58,59,37,77,62,71,53,67,79,63,70,12,32,57,33,32,14,30,48,63,44,59,39,41,37,21,51,4,35,41,48,15,9,38,30,28,22,20,27,9,21,33,18,36,26,48,25,22,75,54
2017-08-01,1,5,2,0,56,61,48,53,34,72,61,65,51,63,75,56,69,13,31,50,28,32,13,25,43,59,43,58,37,37,36,19,50,6,31,39,52,18,9,38,25,26,27,20,29,8,18,41,17,43,38,46,24,27,77,51
2017-09-01,1,4,0,0,58,66,47,57,37,67,56,63,50,58,69,56,69,15,32,52,32,29,14,26,45,60,40,64,40,40,35,21,52,4,32,38,49,15,12,55,28,28,19,17,35,8,21,38,17,31,26,47,26,28,73,56
2017-10-01,0,5,3,0,66,65,53,56,35,83,62,70,50,61,71,59,66,17,42,58,34,30,16,28,48,59,42,62,45,45,38,23,58,3,32,38,53,17,9,42,30,30,19,18,31,11,21,34,19,51,29,54,25,25,74,56
2017-11-01,0,5,3,0,59,68,50,56,35,73,60,70,48,54,71,60,62,17,59,67,57,47,19,41,48,66,55,70,47,57,37,24,56,7,35,40,54,15,10,50,33,31,32,33,34,13,26,35,17,63,27,48,27,26,75,48
2017-12-01,0,6,1,0,77,89,61,73,36,78,71,79,56,64,81,59,72,17,100,73,63,40,23,53,74,74,69,81,64,80,40,29,68,6,37,41,45,12,12,66,36,56,35,35,47,20,54,60,27,25,26,78,43,35,88,36
2018-01-01,0,6,2,0,81,78,75,70,50,97,78,88,62,81,82,75,86,18,32,71,40,41,20,39,53,72,52,56,48,49,41,23,56,4,39,43,57,14,12,58,33,35,31,25,30,13,29,35,19,8,35,53,29,26,98,54
2018-02-01,0,6,2,0,57,60,45,57,34,84,62,66,48,65,65,63,73,16,25,58,30,34,18,28,45,70,49,51,33,37,38,22,56,4,35,41,59,29,9,43,27,30,23,20,26,11,17,30,15,26,24,37,21,23,72,50
2018-03-01,1,8,2,0,64,67,52,60,32,75,58,64,49,61,65,53,62,18,26,55,32,38,20,33,47,65,42,52,37,35,38,26,55,4,33,45,57,24,9,43,24,28,22,19,34,10,18,30,19,36,24,45,22,22,83,58
2018-04-01,1,6,0,0,58,65,46,56,34,71,57,68,48,54,67,54,69,21,27,57,37,35,19,33,44,69,45,56,37,38,36,24,54,4,36,50,52,22,10,42,25,28,25,23,30,9,17,31,14,48,23,43,23,23,79,56
2018-05-01,1,8,1,0,56,77,42,61,35,67,56,68,46,58,65,56,63,24,26,52,38,35,20,28,45,61,46,53,40,42,39,25,54,6,35,52,52,19,10,42,24,29,26,23,31,9,19,34,14,30,24,44,24,21,90,57
2018-06-01,1,8,0,0,69,79,56,69,38,65,58,62,48,62,71,51,59,22,27,54,40,35,22,31,48,61,48,57,42,38,40,23,53,4,38,66,48,14,10,44,25,31,27,24,36,11,23,31,14,10,26,59,27,22,86,51
2018-07-01,1,6,0,0,80,74,52,65,37,94,70,72,58,71,72,58,63,23,29,58,41,38,23,27,47,63,49,61,48,42,44,27,58,7,38,46,51,15,9,44,26,32,27,20,31,9,20,39,16,15,29,52,26,21,76,54
2018-08-01,0,7,3,0,68,68,52,62,38,68,65,74,57,63,73,58,65,25,27,53,38,44,21,24,47,63,50,58,47,40,41,25,59,8,38,42,50,16,10,40,22,33,32,21,35,11,21,39,16,29,43,51,26,23,83,55
2018-09-01,1,11,0,3,68,76,46,65,35,72,60,62,48,62,63,53,71,27,29,56,40,34,24,26,50,61,45,57,45,40,40,24,55,5,36,38,50,15,13,52,23,30,21,19,39,11,24,39,17,42,25,49,28,20,83,53
2018-10-01,1,6,4,2,75,74,54,63,41,76,62,70,58,63,74,58,66,31,34,54,42,39,27,27,49,60,47,65,43,44,41,22,61,7,38,44,53,16,12,44,22,35,23,21,38,11,26,38,16,58,26,50,26,19,84,58
2018-11-01,1,9,0,2,72,73,49,64,47,80,69,69,56,69,71,52,67,32,54,68,85,66,31,43,55,59,54,72,56,56,43,29,63,8,41,45,51,14,12,55,26,49,42,40,38,13,35,43,18,55,25,54,34,24,81,55
2018-12-01,1,10,3,0,76,96,61,84,45,85,78,84,63,75,82,58,75,32,87,74,85,49,38,53,81,70,69,80,73,78,46,35,77,13,45,43,52,9,16,64,31,69,44,40,51,21,70,72,32,11,30,84,50,33,95,45
2019-01-01,0,8,0,0,88,79,79,73,58,94,80,87,71,86,83,66,100,34,28,60,47,49,29,31,57,64,48,59,49,41,49,24,70,13,44,47,54,13,12,55,24,38,30,27,35,13,35,42,19,15,28,54,30,24,90,53
2019-02-01,0,12,2,1,62,66,46,60,38,74,62,67,61,70,66,55,85,31,24,52,39,42,35,28,47,69,53,56,38,34,45,26,64,12,41,48,58,28,11,41,22,32,27,24,49,9,22,33,17,52,26,42,26,20,73,49
2019-03-01,1,12,3,1,64,75,50,67,42,68,63,92,58,70,76,53,63,34,24,51,39,43,35,32,63,67,51,50,49,38,46,29,68,12,42,48,52,23,11,42,22,36,25,22,43,9,27,33,21,58,25,49,26,23,81,51
2019-04-01,1,10,1,0,64,74,56,68,40,75,64,94,61,69,71,56,74,35,25,58,44,42,31,33,51,64,53,53,42,37,43,29,66,12,43,46,48,19,10,43,24,35,28,25,36,10,27,41,16,77,23,42,25,24,80,50
2019-05-01,1,9,1,2,63,75,48,67,38,74,57,83,53,65,66,52,59,36,23,52,50,41,30,32,55,59,52,52,48,36,47,28,69,11,44,44,50,18,10,42,25,30,28,24,36,10,26,39,13,82,26,48,26,20,74,52
2019-06-01,1,13,0,0,79,87,68,75,49,79,62,88,55,72,71,57,71,37,27,60,52,45,34,33,51,62,53,57,53,42,44,31,70,16,45,59,49,14,12,44,29,38,30,27,47,12,31,40,16,34,30,60,32,21,90,48
2019-07-01,1,10,2,0,77,75,55,67,47,87,64,87,57,72,72,56,63,37,25,58,44,43,34,27,51,58,49,54,66,40,45,29,70,20,45,55,50,15,10,44,27,38,29,23,37,11,29,37,15,31,29,48,28,21,87,49
2019-08-01,2,11,1,2,69,78,57,69,41,75,65,82,58,77,77,58,65,37,25,55,46,48,30,29,52,53,47,56,52,40,47,29,64,16,47,46,50,15,24,44,22,35,40,24,47,11,31,41,15,54,42,49,29,20,83,54
2019-09-01,1,11,3,2,66,88,51,70,38,70,64,77,100,76,72,50,64,36,25,63,50,40,34,31,51,57,45,56,56,42,44,27,62,20,40,45,50,15,100,69,23,38,29,24,42,12,37,43,16,64,28,49,31,20,81,52
2019-10-01,1,11,2,0,75,75,56,64,41,76,60,78,54,67,73,51,64,38,29,62,56,44,32,29,47,58,46,62,51,42,42,27,61,18,43,45,48,14,12,58,21,38,30,23,37,11,29,39,16,100,28,45,29,20,79,53
2019-11-01,1,13,0,0,83,78,54,68,64,83,60,93,60,68,77,53,69,40,53,73,80,56,39,43,55,59,59,70,59,55,48,31,67,19,46,50,49,13,14,55,27,51,45,44,38,15,38,42,16,85,29,57,35,22,76,52
2019-12-01,0,13,0,0,100,98,67,81,100,85,69,98,70,82,86,54,74,38,84,84,96,53,44,54,80,67,68,80,83,77,47,37,78,21,48,50,46,9,16,72,32,73,53,46,53,23,95,75,27,15,32,81,55,26,87,43
2020-01-01,1,14,2,0,95,83,75,77,59,90,78,100,75,92,89,61,79,42,26,75,52,59,37,32,53,64,54,54,51,42,54,33,67,32,52,54,56,11,14,64,25,43,34,30,41,13,41,43,16,16,31,56,31,22,84,55
2020-02-01,1,14,1,0,64,74,45,62,42,71,78,76,66,74,76,51,80,38,21,60,40,46,35,33,46,68,54,48,40,34,51,32,64,23,49,60,48,24,12,51,21,39,31,25,36,9,26,32,15,31,26,42,29,19,74,54
2020-03-01,0,15,2,0,40,48,27,46,31,54,45,52,46,46,49,35,53,47,20,50,38,44,50,44,76,72,40,40,28,26,50,22,54,31,42,56,62,26,10,43,21,33,31,25,30,8,24,35,18,13,23,41,27,18,60,44
2020-04-01,1,19,3,2,16,28,12,26,8,32,28,30,32,34,31,31,37,58,35,67,57,59,64,65,82,73,53,44,21,22,66,25,62,69,41,64,91,29,11,48,25,33,48,39,33,9,27,44,21,3,19,46,35,21,49,35
2020-05-01,1,18,3,4,17,42,14,41,11,42,40,41,45,49,44,43,52,53,40,84,75,75,72,57,65,87,87,62,33,30,77,46,82,71,64,82,97,35,13,58,27,45,67,50,45,10,33,52,21,3,25,51,42,23,52,39
2020-06-01,1,19,1,3,21,35,16,33,11,66,55,58,52,57,62,51,54,62,45,91,100,87,95,100,66,76,100,65,45,38,95,43,82,83,82,100,100,30,13,54,33,58,100,100,49,12,45,53,17,2,26,56,45,24,56,42
2020-07-01,0,18,3,2,20,35,17,38,11,66,62,58,56,59,68,54,63,65,46,100,97,100,100,91,70,78,98,73,46,39,92,43,84,100,77,95,88,27,14,59,30,57,91,79,43,10,36,49,23,3,30,51,43,25,59,45
2020-08-01,1,16,1,2,23,39,19,41,18,60,56,59,56,56,59,54,62,53,41,81,57,75,59,47,55,73,61,64,42,37,71,35,74,62,61,71,79,27,13,49,26,46,54,41,45,11,34,47,25,3,33,55,39,21,55,46
2020-09-01,1,17,1,2,34,50,28,58,29,67,56,64,55,57,64,58,63,67,39,63,45,58,59,40,53,66,57,59,47,36,66,33,63,45,53,60,69,23,12,43,24,41,38,31,40,10,31,47,14,8,25,55,38,20,57,56
2020-10-01,1,19,2,3,48,66,40,65,28,88,68,80,67,72,77,67,72,74,54,68,50,60,77,39,51,68,61,68,57,41,69,36,68,57,64,68,60,21,12,60,28,50,41,29,46,11,37,47,15,24,29,59,42,20,68,55
2020-11-01,1,20,2,2,43,66,40,63,27,85,71,81,65,67,83,64,77,72,64,70,76,83,85,62,53,74,76,74,72,50,80,48,70,58,72,83,70,19,13,61,30,54,70,65,43,12,39,52,13,32,27,59,44,21,67,48
2020-12-01,1,21,2,0,50,85,46,78,32,90,76,90,73,72,87,65,74,60,91,81,77,65,80,59,88,72,73,85,87,74,62,62,79,68,66,72,59,13,15,66,33,74,52,41,60,18,95,88,16,11,32,89,65,20,70,41
2021-01-01,1,21,2,0,55,65,53,66,33,98,82,96,77,96,88,68,81,68,32,70,51,76,66,40,55,72,67,67,48,34,81,48,72,85,76,65,76,17,13,66,29,56,50,41,44,12,57,51,15,7,32,69,38,21,78,52
2021-02-01,1,15,2,3,48,63,37,62,26,87,72,75,67,70,73,73,69,64,29,57,39,59,56,32,44,78,60,52,48,30,69,43,67,64,61,61,84,31,11,48,27,43,41,32,35,9,34,41,12,15,23,48,32,18,61,47
2021-03-01,1,21,2,2,50,68,45,64,31,84,67,77,67,66,82,59,72,65,31,54,38,64,57,32,46,82,60,56,42,34,70,42,70,62,62,70,65,30,11,47,25,44,34,26,39,10,31,41,13,23,25,54,33,19,72,48
2021-04-01,1,18,2,5,38,52,31,51,23,73,63,70,68,63,71,52,62,63,32,52,38,53,51,29,46,74,59,59,45,33,60,39,70,64,64,65,63,26,11,49,24,40,35,28,35,9,31,47,14,19,25,50,33,18,63,45
2021-05-01,1,20,3,3,39,55,27,50,32,61,50,56,65,59,64,47,55,65,31,46,38,43,58,30,44,68,56,54,43,31,63,40,63,58,58,63,55,19,10,46,23,38,32,23,38,11,30,40,13,5,23,54,32,17,67,45
2021-06-01,0,19,1,3,53,72,48,66,39,77,63,68,74,70,78,52,66,65,33,48,46,52,62,29,42,72,54,60,58,39,67,44,58,60,67,64,53,17,12,46,22,46,36,27,44,11,33,40,13,5,25,68,34,19,82,44
2021-07-01,1,22,1,3,60,82,50,100,44,90,75,81,83,78,85,63,72,77,34,53,44,55,58,30,43,72,55,64,69,41,68,46,64,72,69,68,57,17,13,55,25,48,36,26,41,12,33,42,13,6,27,71,33,19,82,52
2021-08-01,1,26,1,3,60,83,52,83,43,90,69,78,78,71,82,65,75,78,34,48,40,52,51,27,45,75,54,63,56,45,68,49,74,57,69,65,58,19,12,54,21,48,41,26,48,12,34,43,13,12,33,65,38,17,76,54
2021-09-01,1,18,2,3,55,80,42,70,43,69,63,62,69,62,77,57,65,64,31,46,40,47,46,24,44,100,49,66,53,40,64,49,59,44,56,58,51,18,15,63,22,44,28,18,40,12,33,45,11,11,26,57,35,15,85,54
2021-10-01,2,20,3,3,59,83,51,68,44,67,64,64,69,60,78,58,63,68,32,48,50,54,57,31,41,79,53,68,48,46,61,45,64,45,72,66,46,16,14,63,21,50,41,32,42,13,32,42,12,14,27,59,36,16,78,56
2021-11-01,1,23,3,4,58,79,46,71,57,68,66,68,69,60,74,59,68,67,49,51,55,64,59,32,46,83,52,74,68,57,65,52,75,49,70,65,49,15,16,64,25,56,39,34,45,14,38,46,13,14,27,62,39,14,86,62
2021-12-01,1,23,2,0,69,100,53,80,49,80,75,75,74,67,80,55,80,67,83,59,74,57,61,45,72,91,60,88,94,82,66,70,82,49,89,55,49,11,16,72,25,75,46,39,67,22,82,79,18,17,29,93,55,17,76,50
2022-01-01,1,29,0,2,77,87,68,83,65,100,89,85,85,98,97,64,83,91,28,55,48,63,53,32,48,86,60,60,59,48,74,53,68,63,79,73,53,13,14,77,24,57,37,30,44,15,44,50,15,7,29,70,33,19,100,61
2022-02-01,1,21,3,4,55,75,43,73,49,82,69,67,72,83,81,56,70,86,24,45,40,55,57,28,41,89,53,53,46,43,76,51,69,57,70,65,55,26,14,59,20,47,32,25,34,11,28,40,11,12,25,49,29,18,88,60
2022-03-01,1,27,1,2,55,75,48,70,47,69,67,64,62,72,77,53,68,92,26,46,46,58,63,32,38,91,54,56,55,41,71,54,76,61,76,72,49,25,13,66,21,46,37,33,40,11,28,43,10,9,25,45,28,17,86,56
2022-04-01,1,25,3,0,62,83,52,81,50,84,72,75,77,84,81,52,73,89,28,49,41,54,54,26,41,81,51,61,52,46,70,52,78,54,76,72,55,20,13,67,19,47,32,24,41,13,31,44,12,10,28,54,32,18,96,62
2022-05-01,1,24,2,3,59,85,42,76,49,78,62,71,66,70,67,47,70,95,27,43,43,51,50,26,42,81,44,62,65,44,70,53,83,52,70,67,53,20,13,62,23,45,29,23,39,12,30,44,12,8,27,52,30,17,87,56
2022-06-01,0,29,3,4,64,81,49,68,57,82,66,74,69,73,73,49,73,90,28,48,59,65,61,36,43,77,51,63,64,49,74,58,85,70,87,80,56,17,14,69,24,51,41,37,42,16,34,42,13,9,26,57,30,18,92,55
2022-07-01,1,24,2,4,67,83,55,79,58,82,73,80,70,90,84,50,73,97,31,48,47,54,50,30,43,83,47,65,62,51,72,58,85,61,84,71,49,16,13,76,22,51,36,24,46,16,36,46,13,7,29,63,33,19,94,62
2022-08-01,1,23,2,6,59,74,46,63,49,77,64,67,77,78,75,46,67,97,28,42,42,50,52,24,41,74,43,62,57,47,73,53,78,51,73,69,51,17,13,69,21,46,38,24,43,15,32,41,12,8,39,57,29,17,84,63
2022-09-01,1,26,3,5,55,81,45,71,49,74,63,66,69,73,76,44,95,97,30,48,45,52,51,27,45,76,43,66,61,49,62,59,82,49,76,72,48,17,17,85,19,50,34,22,46,15,35,50,13,10,30,52,33,17,91,65
2022-10-01,1,22,1,2,60,71,46,62,46,67,60,71,60,68,69,40,64,94,34,44,43,47,52,26,42,69,39,66,54,52,68,52,83,48,74,72,45,15,13,66,19,48,30,20,44,15,34,47,13,15,26,53,31,14,83,67
2022-11-01,1,20,4,2,56,75,43,65,46,72,59,59,65,68,69,40,67,94,40,44,54,57,52,32,44,72,45,72,68,68,74,56,90,46,74,77,47,14,15,74,20,54,45,31,42,18,38,47,13,10,27,53,34,15,81,63
2022-12-01,1,21,1,0,60,88,51,77,53,77,69,78,70,75,70,35,76,89,69,53,79,56,64,41,69,77,52,85,95,100,71,77,94,59,80,69,48,10,16,78,24,79,46,35,56,33,92,89,19,4,32,100,51,15,82,58
2023-01-01,0,20,1,2,78,79,67,76,67,89,82,89,82,87,81,46,83,100,24,49,45,56,50,31,45,76,49,61,62,55,86,67,73,61,95,70,51,12,16,87,24,59,36,26,41,22,43,53,14,3,30,60,29,16,92,67
2023-02-01,1,18,2,2,55,74,38,59,51,74,65,64,74,85,61,41,75,96,20,42,37,53,51,30,45,77,47,57,50,46,81,60,81,58,77,68,58,24,14,78,21,50,30,26,37,15,30,44,14,7,27,49,28,15,76,65
2023-03-01,1,20,2,3,56,76,38,63,47,70,60,63,68,72,66,37,64,92,20,38,42,48,50,28,42,77,43,55,52,37,80,56,81,50,79,71,54,24,14,73,21,47,30,21,38,14,30,43,13,9,30,49,27,15,82,64
2023-04-01,1,21,0,3,56,73,40,65,42,73,59,60,62,73,65,37,64,90,23,36,37,43,47,26,39,79,43,56,52,42,78,57,77,48,77,69,50,19,14,73,22,47,29,22,37,15,34,47,13,11,27,52,27,15,78,60
2023-05-01,1,21,3,3,54,83,37,66,44,69,54,66,65,71,61,34,63,95,21,35,38,43,46,26,44,72,39,62,61,45,81,57,89,54,75,64,57,19,13,69,21,47,29,21,38,15,31,45,14,12,26,52,28,15,74,62
2023-06-01,1,20,4,2,63,80,46,71,50,71,62,59,75,76,70,35,70,87,23,42,41,50,49,27,44,78,42,61,64,46,82,56,75,51,79,73,52,16,16,77,20,54,32,23,49,20,36,51,13,8,27,56,32,14,88,56
2023-07-01,1,25,2,0,64,86,46,68,56,72,68,71,80,82,74,40,71,97,24,39,41,52,49,31,45,74,45,68,68,50,89,61,84,57,92,80,56,15,18,84,23,57,32,24,54,31,38,49,15,6,33,59,31,15,91,67
2023-08-01,1,19,2,2,53,73,35,55,43,64,59,59,67,75,63,34,62,90,20,35,35,52,38,23,40,71,36,60,58,43,81,50,73,48,76,63,57,16,15,75,20,49,33,21,44,18,30,44,13,8,36,52,28,12,74,62
2023-09-01,1,23,3,2,54,81,37,58,45,60,59,59,71,73,67,33,85,93,23,39,39,47,44,27,44,72,39,67,63,43,87,53,79,41,81,71,54,16,18,97,20,54,29,20,43,19,35,48,14,12,30,54,30,14,77,65
2023-10-01,1,18,3,2,58,70,38,58,46,58,61,56,66,69,61,32,60,89,24,37,40,44,50,26,41,65,36,61,55,46,78,56,79,44,77,67,45,14,15,77,19,52,28,19,40,18,31,47,13,11,29,51,28,11,77,64
2023-11-01,1,21,1,2,57,76,40,60,52,58,56,56,70,75,65,33,70,88,39,40,52,57,45,29,41,64,41,70,67,61,79,65,78,47,79,72,55,15,15,79,20,61,39,27,40,27,35,50,13,8,31,52,33,12,79,63
2023-12-01,0,25,0,0,57,93,43,75,61,68,69,68,80,81,73,28,81,88,67,47,67,56,56,41,71,78,46,85,100,93,85,100,100,54,86,76,53,11,19,100,22,100,37,31,62,100,100,100,20,6,42,94,52,15,85,58
2024-01-01,0,22,1,3,70,79,49,69,69,75,82,71,88,100,79,37,84,86,20,42,40,56,47,28,46,71,39,59,63,48,100,69,75,56,100,69,63,13,18,88,25,65,32,24,42,29,42,49,15,4,32,61,29,11,97,69
2024-02-01,0,25,0,0,63,74,32,56,48,63,63,63,72,76,66,32,95,93,25,37,33,45,39,24,51,69,33,49,49,37,89,56,78,71,87,69,61,18,22,76,25,61,29,24,38,21,31,41,15,9,26,46,23,13,78,73
