date,cine,cinecolombia,cinemark,cinepolis,royalfilms,procinal,internet,tigo,claro,movistar,wom,plan de datos,etb,direct tv,feria del libro,filbo,novelas_x,rcn,caracol,noticias ,radio,programacion ,desarrollo web,software,drive,inteligencia artificial,p√°ginas web,marketing  digital,rappi,apps,python,novelas_y,hotel,hoteles
2004-01-01,44,30,12,0,0,12,95,0,0,0,0,0,55,100,0,0,24,17,17,28,48,63,0,100,56,29,0,0,0,0,0,24,46,83
2004-02-01,30,16,0,0,0,0,100,0,0,0,0,0,36,0,0,0,25,14,15,31,44,96,0,97,30,71,0,0,0,0,11,25,32,62
2004-03-01,36,17,8,0,0,0,98,0,0,0,0,0,51,0,0,0,26,16,17,34,48,85,0,90,31,100,0,0,0,0,0,26,36,62
2004-04-01,39,13,5,0,0,0,96,0,0,0,0,0,53,0,100,0,57,20,20,31,51,89,0,89,33,56,89,0,0,0,0,57,37,58
2004-05-01,34,17,7,0,0,0,93,0,0,0,0,0,44,0,30,0,32,20,19,34,45,67,0,78,30,65,74,0,0,0,12,32,32,58
2004-06-01,40,26,12,0,0,9,94,0,1,0,0,0,52,0,0,0,30,23,25,29,51,69,100,86,37,37,100,0,0,0,10,30,46,86
2004-07-01,43,30,11,0,0,9,96,0,0,0,0,0,61,0,0,0,28,25,25,30,54,70,0,84,34,35,0,0,0,0,12,28,41,78
2004-08-01,34,19,8,0,0,5,95,0,1,0,0,0,51,0,0,0,38,20,20,35,55,100,0,88,23,70,83,0,0,0,0,38,36,69
2004-09-01,35,18,6,0,0,0,93,0,1,0,0,0,48,0,0,0,30,19,18,34,52,77,72,80,37,56,60,0,0,0,16,30,34,56
2004-10-01,36,20,8,0,0,0,98,0,1,0,0,0,52,0,0,0,30,19,19,30,54,96,0,78,25,60,0,0,0,0,0,30,37,64
2004-11-01,37,22,12,0,0,9,93,0,1,0,0,0,61,43,0,0,22,19,20,29,54,77,0,80,29,44,0,0,0,0,0,22,43,79
2004-12-01,38,33,21,0,0,8,84,0,1,0,0,0,58,0,0,0,29,24,22,31,64,67,0,78,43,15,0,0,0,0,0,29,51,100
2005-01-01,35,27,11,0,100,18,89,0,1,0,0,0,74,0,0,0,24,26,23,32,58,49,0,75,51,20,85,0,0,0,0,24,52,98
2005-02-01,31,16,9,0,0,6,94,0,1,0,0,0,61,38,0,0,27,22,19,33,52,84,0,85,28,46,66,0,0,0,12,27,38,67
2005-03-01,33,19,12,0,0,9,92,0,1,2,0,0,49,46,12,0,25,23,24,32,59,75,88,85,33,49,53,0,0,0,9,25,40,72
2005-04-01,29,20,11,0,0,7,86,0,1,100,0,0,57,47,91,0,53,31,29,40,56,67,82,78,34,56,0,0,0,0,11,53,33,58
2005-05-01,34,20,12,0,0,7,85,0,1,75,0,0,62,48,23,0,55,29,25,35,61,63,100,72,31,58,0,0,0,0,7,55,40,62
2005-06-01,38,31,17,0,0,11,86,0,1,75,0,0,72,47,0,0,30,40,34,30,71,60,63,71,34,21,0,0,0,0,7,30,50,84
2005-07-01,36,33,21,0,0,14,80,0,1,73,0,0,69,42,0,0,37,37,28,30,67,62,0,69,32,17,0,0,0,0,7,37,49,78
2005-08-01,33,26,15,0,0,9,83,0,1,66,0,0,66,27,0,0,30,36,21,34,67,78,52,74,33,46,55,0,0,0,12,30,44,68
2005-09-01,31,18,13,0,0,9,80,0,1,62,0,0,79,32,6,0,37,36,21,35,62,64,0,72,27,39,54,0,0,0,11,37,44,67
2005-10-01,35,28,13,0,0,6,77,0,1,60,0,0,81,22,4,0,30,38,21,34,65,72,59,69,29,37,41,0,0,0,5,30,48,78
2005-11-01,34,32,24,0,0,13,87,0,1,63,0,0,76,48,0,0,28,40,20,30,64,52,51,66,27,36,50,0,0,0,12,28,50,87
2005-12-01,38,43,28,0,0,19,68,0,1,82,0,0,100,46,0,0,26,54,24,25,73,52,0,67,35,16,0,0,0,0,17,26,54,96
2006-01-01,44,53,32,0,0,23,71,0,2,74,0,0,87,52,0,0,33,55,29,29,77,44,0,65,33,8,0,0,0,0,8,33,56,99
2006-02-01,29,22,18,0,0,10,78,0,1,58,0,0,79,35,0,0,28,38,23,35,74,64,82,67,29,37,44,0,0,0,11,28,41,60
2006-03-01,30,26,24,0,0,11,77,0,1,58,0,0,73,31,8,0,47,40,24,37,66,58,79,66,28,34,28,0,0,0,10,47,45,68
2006-04-01,34,35,30,0,0,15,74,0,1,72,0,0,80,39,72,0,73,37,24,31,74,68,62,59,24,25,45,0,0,0,10,73,44,69
2006-05-01,37,45,34,0,0,17,75,0,1,71,0,0,81,46,37,0,96,41,28,39,75,51,82,57,26,23,36,0,0,0,13,96,41,57
2006-06-01,35,41,37,0,0,22,84,1,1,78,0,0,86,43,0,0,36,41,30,31,81,68,53,54,25,15,0,0,0,0,9,36,54,78
2006-07-01,36,50,46,0,44,26,78,0,1,66,0,0,91,38,0,0,37,38,26,32,79,63,0,55,25,14,0,0,0,0,7,37,56,80
2006-08-01,32,35,40,0,28,15,72,0,1,49,0,0,79,28,0,0,29,29,26,34,70,72,44,55,23,25,0,0,0,0,11,29,50,70
2006-09-01,28,25,31,0,0,12,71,0,1,52,0,0,75,33,3,0,28,31,26,35,70,50,51,55,22,26,28,0,0,12,11,28,48,65
2006-10-01,33,37,33,0,0,15,71,1,1,43,0,0,78,41,0,0,35,27,24,33,70,50,41,48,23,22,26,0,0,0,12,35,49,73
2006-11-01,31,34,35,0,0,19,69,12,1,42,0,0,81,24,0,0,25,29,19,29,68,40,31,51,22,20,39,0,0,0,11,25,52,74
2006-12-01,36,46,44,0,36,25,66,88,1,58,0,0,82,50,0,0,22,31,24,26,77,35,0,46,26,6,0,0,0,0,7,22,50,87
2007-01-01,42,57,48,0,0,25,60,82,1,53,0,0,89,66,2,0,27,30,25,30,70,37,57,46,25,5,40,0,0,0,7,27,54,85
2007-02-01,32,36,32,0,25,17,65,73,1,42,0,0,75,55,4,0,25,27,21,33,76,46,26,47,21,20,0,0,0,10,7,25,43,58
2007-03-01,34,38,33,0,0,15,66,83,1,47,0,0,69,44,11,0,56,36,21,29,77,42,44,46,23,17,18,0,0,7,7,56,50,65
2007-04-01,37,54,43,0,33,24,61,87,2,48,0,0,82,67,99,0,100,33,22,31,79,41,38,43,21,16,21,0,0,9,7,100,41,58
2007-05-01,34,57,43,0,28,20,64,100,1,52,0,0,69,35,21,0,32,31,27,30,81,36,51,41,21,16,27,0,0,8,10,32,38,56
2007-06-01,36,63,51,0,45,25,65,81,2,44,0,0,80,36,2,0,29,34,29,33,80,36,31,39,23,10,0,0,0,8,6,29,44,78
2007-07-01,50,100,79,0,67,40,59,73,2,43,0,14,75,41,0,0,36,32,29,32,81,44,24,40,22,9,21,0,0,10,7,36,46,70
2007-08-01,29,41,43,0,33,21,62,65,2,39,0,0,75,28,3,0,32,36,26,39,76,75,48,41,22,17,0,0,0,11,7,32,40,62
2007-09-01,24,27,25,0,18,12,66,60,2,36,0,11,78,34,4,0,38,34,24,34,77,45,17,41,24,16,16,0,0,16,7,38,39,59
2007-10-01,27,33,31,0,25,14,67,61,2,36,0,0,69,33,2,0,26,31,29,35,81,50,26,36,19,15,19,0,0,13,5,26,43,62
2007-11-01,26,37,35,0,21,15,64,69,2,44,0,11,71,24,3,0,24,36,27,36,76,45,48,36,19,13,21,0,0,13,7,24,43,60
2007-12-01,34,50,49,0,47,24,49,71,2,55,0,0,75,36,2,0,23,40,28,32,82,37,24,33,24,4,0,0,0,18,5,23,44,67
2008-01-01,39,65,58,0,52,34,53,65,2,47,0,0,94,53,2,0,24,42,32,44,88,36,27,34,21,3,0,0,0,17,4,24,50,74
2008-02-01,27,39,33,0,30,17,63,57,2,36,0,0,78,34,2,0,20,34,28,40,81,42,29,40,18,14,18,0,0,15,6,20,41,57
2008-03-01,29,41,38,0,38,24,61,59,2,33,0,10,72,30,6,0,32,42,34,61,93,52,27,34,19,15,15,0,0,15,6,32,41,56
2008-04-01,24,32,26,1,30,15,61,69,2,36,0,0,67,27,54,0,50,30,24,44,79,37,36,34,19,14,14,0,0,17,6,50,44,52
2008-05-01,28,42,32,13,38,21,58,64,2,35,0,0,59,23,31,0,52,29,25,42,76,33,26,32,18,12,15,0,0,17,5,52,42,53
2008-06-01,34,57,44,12,44,30,59,76,2,37,0,0,66,35,2,0,23,31,29,37,77,38,25,31,21,8,0,0,0,16,4,23,51,61
2008-07-01,38,66,49,13,51,32,60,66,2,37,0,0,71,44,2,0,25,44,33,49,82,40,22,30,17,6,15,0,0,18,5,25,48,58
2008-08-01,28,41,38,9,50,22,64,67,2,36,0,10,61,24,2,0,27,32,22,38,68,66,24,30,19,11,13,0,0,16,6,27,44,60
2008-09-01,24,29,24,5,21,14,63,61,1,39,0,0,61,26,2,0,36,29,25,42,76,41,30,30,18,12,9,0,0,20,6,36,48,53
2008-10-01,29,37,37,7,31,19,59,60,1,37,0,8,61,37,4,0,25,31,28,41,72,45,29,28,19,11,13,0,0,20,7,25,52,57
2008-11-01,32,45,41,8,44,24,59,63,2,38,0,0,60,47,1,0,20,34,31,45,79,37,25,26,19,11,12,0,0,19,6,20,51,58
2008-12-01,34,52,44,10,40,27,52,56,2,49,0,0,66,50,0,0,20,35,27,30,72,36,19,27,19,2,0,0,0,20,6,20,50,66
2009-01-01,48,74,61,15,59,45,60,45,2,44,0,0,76,53,1,0,42,35,31,38,71,35,0,27,22,5,12,0,0,25,5,42,52,65
2009-02-01,30,41,36,7,36,26,63,38,2,33,0,9,74,33,2,0,36,41,33,43,74,39,30,32,20,11,10,0,0,29,6,36,41,49
2009-03-01,29,35,29,6,32,26,59,31,2,28,0,8,66,35,2,0,74,36,31,41,73,35,24,31,20,11,13,0,0,26,5,74,45,53
2009-04-01,41,36,46,11,32,45,60,29,2,32,0,0,59,34,5,0,39,37,32,42,80,36,25,27,18,6,0,0,0,23,7,39,48,54
2009-05-01,40,38,47,9,38,49,62,28,2,30,0,0,55,29,2,0,32,30,33,41,78,34,26,28,16,10,0,0,0,27,5,32,44,50
2009-06-01,50,50,61,17,33,71,59,30,2,34,0,0,55,34,2,0,29,38,40,53,79,50,26,25,17,6,10,0,0,27,6,29,59,65
2009-07-01,54,56,72,19,24,82,58,28,2,34,0,0,61,39,7,0,42,38,38,44,84,50,20,24,17,5,11,0,0,33,5,42,52,60
2009-08-01,35,31,43,7,31,46,60,26,2,30,0,11,58,39,46,0,35,46,42,46,86,63,25,26,17,9,13,0,0,36,7,35,49,52
2009-09-01,29,23,35,7,25,34,64,25,2,30,0,16,51,35,7,0,40,44,55,42,89,39,30,26,16,10,11,0,0,43,6,40,47,51
2009-10-01,41,24,44,12,28,48,63,30,2,30,0,11,53,36,2,0,40,45,55,41,92,40,25,25,13,8,12,0,0,36,5,40,50,58
2009-11-01,56,35,70,19,29,81,61,28,2,31,0,11,53,41,1,0,34,47,57,40,81,37,20,26,16,11,9,0,0,37,6,34,51,55
2009-12-01,61,36,72,22,16,79,55,36,2,38,0,10,54,52,0,0,30,44,53,37,82,41,16,23,20,2,0,0,0,39,6,30,56,68
2010-01-01,78,45,88,24,34,96,62,31,2,33,0,9,59,50,0,0,36,45,48,46,86,47,21,23,17,4,16,0,0,44,6,36,59,70
2010-02-01,47,26,54,13,11,47,70,30,2,31,0,15,54,39,1,0,48,54,52,48,88,45,26,30,17,9,9,0,0,42,8,48,49,57
2010-03-01,53,32,65,15,27,59,64,24,2,29,0,16,56,35,1,0,67,69,59,65,100,57,17,26,15,9,0,0,0,33,7,67,50,58
2010-04-01,47,26,56,15,26,50,64,25,2,32,0,19,54,62,2,0,39,66,58,60,94,46,26,25,14,8,9,0,0,39,7,39,48,51
2010-05-01,43,26,53,15,29,55,64,24,2,31,0,23,53,53,2,0,42,63,51,45,87,38,22,24,15,8,9,0,0,46,7,42,47,55
2010-06-01,59,40,67,24,38,68,79,29,2,35,0,20,56,80,2,0,50,100,88,41,92,64,20,20,16,5,0,0,0,49,7,50,51,59
2010-07-01,62,37,75,34,40,75,66,31,2,40,0,24,59,51,5,0,41,78,67,43,86,65,23,21,14,4,8,0,0,70,6,41,54,61
2010-08-01,44,27,49,21,28,53,59,30,2,34,0,25,63,26,46,0,34,54,54,45,86,64,22,24,14,7,10,0,0,66,8,34,55,59
2010-09-01,42,23,47,20,26,48,61,32,2,34,0,36,63,40,7,0,39,64,48,51,93,43,22,24,15,6,9,0,0,60,9,39,55,54
2010-10-01,49,30,52,24,25,51,57,31,2,34,0,37,59,28,3,0,37,63,39,40,82,46,22,21,15,7,0,0,0,59,7,37,55,57
2010-11-01,53,37,62,30,26,58,56,33,2,32,0,34,58,40,1,0,32,69,41,40,82,37,30,21,15,5,15,0,0,56,7,32,56,55
2010-12-01,55,41,66,38,32,66,49,46,2,42,0,54,64,36,1,0,30,76,39,44,84,45,0,19,17,3,0,0,0,76,5,30,47,57
2011-01-01,61,39,86,45,38,75,62,46,3,35,0,42,50,38,1,0,34,55,40,38,72,50,18,15,14,3,7,3,0,62,4,34,46,59
2011-02-01,38,37,50,25,20,37,60,41,4,31,0,46,52,28,2,0,33,63,43,46,76,48,22,23,13,7,6,3,0,55,5,33,39,41
2011-03-01,39,44,57,27,22,44,57,40,4,31,0,38,50,20,2,0,51,60,41,55,71,44,22,21,13,7,9,3,0,54,6,51,39,42
2011-04-01,49,54,64,34,41,50,57,36,4,32,0,40,47,55,7,0,32,65,44,48,71,52,20,20,13,4,7,3,0,57,5,32,41,44
2011-05-01,46,58,70,33,50,55,55,33,4,30,0,46,51,24,40,0,36,69,44,51,76,42,15,19,14,5,8,5,0,60,5,36,41,39
2011-06-01,48,63,73,39,42,65,54,30,5,34,0,52,43,25,5,0,40,75,52,43,74,62,17,17,13,3,8,2,0,61,4,40,49,54
2011-07-01,61,70,85,53,43,80,57,28,3,30,0,50,42,25,3,0,43,70,66,45,75,83,18,16,13,3,7,0,0,67,4,43,47,49
2011-08-01,45,40,59,36,24,53,53,27,2,30,0,51,35,28,3,0,34,57,54,45,73,69,17,20,12,6,5,3,0,62,5,34,44,44
2011-09-01,41,34,56,32,20,41,61,25,2,28,0,61,34,21,4,0,33,57,64,46,74,44,16,19,12,6,8,3,0,59,6,33,44,44
2011-10-01,46,42,71,34,27,54,58,25,2,28,0,62,38,24,2,0,31,71,67,50,73,46,14,17,13,5,9,3,0,62,5,31,45,46
2011-11-01,46,44,70,35,33,53,50,29,2,33,0,60,38,27,1,0,28,71,70,48,74,36,17,17,13,5,7,3,0,74,5,28,48,47
2011-12-01,46,46,75,43,33,55,43,37,2,41,0,90,39,29,1,0,32,74,53,48,70,47,14,14,14,2,5,2,0,84,5,32,47,49
2012-01-01,55,54,83,53,37,71,53,31,2,36,0,74,49,60,2,0,33,60,50,47,71,48,14,16,15,3,8,4,0,84,6,33,52,63
2012-02-01,37,33,58,36,18,41,56,25,2,32,0,66,47,50,2,0,31,56,45,51,74,41,21,20,13,7,9,5,0,70,5,31,43,44
2012-03-01,42,38,60,39,25,48,50,25,2,31,0,67,50,44,5,0,35,53,44,51,71,42,19,21,14,6,8,6,0,75,7,35,45,49
2012-04-01,55,57,73,55,38,70,49,24,2,26,0,71,51,63,55,8,37,43,44,45,72,50,14,19,22,5,8,5,0,73,6,37,41,44
2012-05-01,44,45,60,46,33,57,46,22,2,28,0,70,50,33,9,2,27,49,52,51,75,38,16,19,20,6,11,5,0,76,6,27,46,45
2012-06-01,53,56,81,56,33,75,47,26,9,31,0,81,47,51,3,0,30,61,58,46,76,55,13,17,19,4,9,4,0,84,6,30,51,62
2012-07-01,59,65,77,67,29,81,48,27,35,32,0,74,52,40,3,0,32,78,50,52,74,55,17,17,18,4,9,4,0,88,6,32,49,55
2012-08-01,44,48,55,43,20,51,48,25,36,28,0,71,47,38,2,0,27,69,46,51,72,71,20,18,18,6,11,4,0,80,6,27,48,51
2012-09-01,42,42,56,40,20,45,50,61,100,48,0,71,49,34,6,0,24,63,54,45,76,42,22,18,18,6,11,5,0,84,6,24,48,48
2012-10-01,47,46,63,44,20,51,48,46,88,43,0,71,39,31,1,0,26,45,50,45,75,40,19,17,18,5,10,6,0,81,7,26,53,53
2012-11-01,53,36,71,49,21,61,44,37,64,34,0,71,38,30,1,0,26,48,37,42,73,36,16,15,18,5,10,6,0,77,7,26,54,51
2012-12-01,51,30,68,49,29,53,41,41,64,36,0,94,38,37,1,0,23,57,34,54,73,42,11,13,18,2,5,4,0,99,5,23,52,54
2013-01-01,60,33,78,59,35,73,45,36,64,35,0,100,43,36,1,0,27,43,39,47,79,49,16,14,20,2,5,6,0,100,6,27,58,72
2013-02-01,44,25,51,39,23,46,48,31,57,30,0,80,35,34,2,0,32,41,42,55,74,37,18,20,21,7,8,7,0,87,7,32,45,46
2013-03-01,49,28,59,46,25,60,47,31,58,29,0,75,31,28,4,1,36,46,49,53,70,40,15,17,21,4,8,6,0,86,7,36,47,54
2013-04-01,46,23,48,37,21,49,45,31,59,30,0,71,32,31,52,21,44,37,37,52,69,35,15,17,21,5,7,7,0,72,7,44,46,50
2013-05-01,50,27,59,44,24,60,45,33,53,30,0,72,34,29,10,4,32,40,36,49,68,35,16,16,23,5,10,7,0,72,7,32,52,52
2013-06-01,73,38,91,74,37,100,45,34,52,31,0,78,29,28,2,0,34,41,50,42,70,50,12,14,22,3,8,6,0,78,6,34,58,67
2013-07-01,62,30,79,80,29,88,46,30,55,32,0,81,33,23,2,0,34,41,39,54,68,49,14,14,20,3,10,5,0,80,6,34,57,59
2013-08-01,55,26,66,51,26,72,46,32,52,30,0,78,31,27,3,0,33,48,42,73,77,67,17,16,23,5,7,7,0,74,8,33,48,52
2013-09-01,48,22,55,45,20,53,49,31,48,31,0,65,28,26,5,0,30,49,42,51,72,42,18,15,23,5,8,8,0,73,8,30,51,50
2013-10-01,48,24,59,43,24,57,46,35,50,31,0,65,27,26,1,0,26,48,35,51,65,40,12,15,41,5,7,9,0,66,9,26,52,57
2013-11-01,49,27,59,43,24,60,47,41,55,32,0,72,23,28,1,0,26,47,36,48,67,39,18,14,44,4,8,9,0,71,7,26,55,56
2013-12-01,51,27,65,49,25,64,42,45,64,39,0,97,30,23,1,0,23,41,43,54,66,44,12,11,31,1,4,5,0,81,7,23,56,63
2014-01-01,63,34,80,68,25,78,48,37,62,35,0,82,35,27,1,1,34,37,35,58,66,48,15,12,34,2,6,7,0,81,7,34,63,76
2014-02-01,42,22,50,40,17,48,48,33,51,30,0,69,31,26,2,0,33,37,33,55,65,38,17,17,45,6,8,10,0,69,9,33,48,50
2014-03-01,49,28,58,45,20,59,46,33,49,31,0,68,27,30,4,1,41,34,38,58,63,39,16,16,51,5,8,9,0,65,9,41,49,53
2014-04-01,60,35,73,60,25,69,44,32,52,30,0,65,30,36,22,13,43,34,39,57,62,48,13,13,52,4,7,8,0,66,10,43,56,60
2014-05-01,45,28,58,42,18,51,42,31,51,28,0,57,25,30,35,26,30,37,43,60,67,37,15,13,48,5,7,10,0,59,9,30,48,48
2014-06-01,61,53,78,56,30,80,48,34,52,29,0,69,23,92,1,1,29,88,71,50,64,81,12,11,38,3,6,8,0,63,7,29,52,61
2014-07-01,57,38,69,69,31,69,43,32,51,29,0,62,25,35,2,0,31,56,40,51,60,47,13,12,40,4,5,9,0,64,7,31,56,60
2014-08-01,49,29,57,48,22,57,43,32,48,26,0,62,22,32,2,0,29,32,30,49,56,73,15,13,50,6,7,10,0,66,10,29,55,57
2014-09-01,44,23,51,40,21,45,45,31,51,28,0,55,25,28,5,0,30,36,35,46,59,43,15,13,55,6,9,11,0,64,10,30,54,54
2014-10-01,63,33,82,54,31,74,47,32,50,24,0,54,42,29,1,0,33,33,41,48,58,47,17,13,56,5,10,12,0,64,12,33,55,59
2014-11-01,51,31,63,49,25,54,43,40,54,26,0,53,31,31,1,0,29,29,41,47,55,39,17,12,53,4,10,11,0,70,10,29,53,53
2014-12-01,56,33,74,55,29,66,38,51,68,31,0,64,41,29,1,0,36,30,29,45,59,49,13,9,37,2,7,8,0,92,8,36,61,67
2015-01-01,77,41,97,78,33,92,47,41,66,30,0,64,44,35,2,0,40,39,35,48,60,54,11,10,39,2,5,12,0,85,8,40,67,78
2015-02-01,68,30,75,63,31,71,44,37,53,23,0,46,44,30,2,2,38,43,34,56,60,37,14,15,53,5,8,13,0,72,13,38,49,49
2015-03-01,54,26,65,47,27,55,44,37,54,25,0,45,46,37,4,3,40,47,35,53,63,38,15,14,55,5,6,16,0,70,14,40,52,61
2015-04-01,78,38,98,92,35,86,41,37,52,25,0,43,49,36,45,41,42,42,27,52,57,42,15,13,49,4,8,13,0,71,14,42,50,53
2015-05-01,50,29,64,43,24,57,41,39,47,24,0,39,41,32,19,18,30,34,28,50,57,40,17,12,52,6,8,13,0,71,13,30,53,53
2015-06-01,80,39,91,74,42,87,40,39,50,25,0,37,42,35,1,1,30,36,41,49,61,57,13,10,44,5,5,14,0,76,12,30,63,67
2015-07-01,79,40,93,75,36,90,39,36,52,28,0,30,45,25,2,1,31,35,27,52,57,46,13,11,43,5,7,14,0,66,10,31,65,64
2015-08-01,53,32,62,40,22,50,39,34,48,25,0,27,42,24,2,0,33,35,25,48,53,64,19,12,55,6,7,17,0,63,13,33,57,57
2015-09-01,52,35,59,36,19,50,39,33,46,24,0,29,43,20,5,1,35,35,27,48,55,37,18,12,63,6,8,17,1,64,16,35,63,54
2015-10-01,57,29,66,50,23,58,39,35,46,23,0,27,42,20,1,0,33,34,35,47,58,39,15,11,53,5,6,18,1,64,14,33,68,58
2015-11-01,61,29,72,49,26,54,37,37,52,26,0,28,45,25,1,0,37,29,32,48,53,41,19,10,55,4,6,19,1,70,12,37,64,59
2015-12-01,62,31,70,53,26,60,34,43,63,30,0,27,49,23,1,1,35,27,28,49,51,47,11,8,43,2,4,14,1,69,10,35,69,70
2016-01-01,69,32,79,59,28,64,36,32,53,25,0,22,45,25,1,1,42,26,27,50,48,46,13,8,35,2,4,17,1,72,10,42,74,81
2016-02-01,55,28,61,39,24,52,36,29,42,23,0,20,40,20,2,2,42,28,29,52,53,33,17,12,49,5,6,20,2,66,14,42,52,49
2016-03-01,60,30,69,48,29,64,35,29,43,22,0,19,46,19,4,4,44,26,33,48,52,41,20,11,51,5,8,19,2,56,16,44,55,56
2016-04-01,57,22,62,39,23,55,34,27,42,21,0,18,40,20,60,53,49,25,28,48,49,37,17,11,51,5,7,21,2,56,16,49,49,45
2016-05-01,56,22,60,43,23,55,34,28,42,20,0,19,46,19,13,11,41,27,25,45,47,35,18,11,51,4,7,21,2,58,14,41,54,49
2016-06-01,81,32,87,65,35,88,35,31,46,22,0,20,47,18,2,1,44,32,40,53,52,49,16,9,43,3,8,20,2,61,11,44,64,61
2016-07-01,75,31,86,66,32,84,35,33,48,26,0,23,49,19,2,1,50,30,34,50,50,49,13,9,41,3,6,16,4,70,10,50,64,58
2016-08-01,54,20,53,42,22,53,36,33,55,25,0,24,46,18,2,0,40,27,34,48,48,55,19,11,54,5,8,22,6,73,15,40,57,51
2016-09-01,46,17,46,33,14,41,36,29,45,24,0,20,44,20,6,0,37,23,37,45,48,36,18,11,55,5,7,23,6,70,17,37,59,51
2016-10-01,58,22,54,38,19,53,33,29,45,23,0,23,46,18,3,0,38,23,33,47,50,38,16,10,53,5,8,22,6,72,18,38,62,58
2016-11-01,50,23,55,38,21,47,32,33,46,24,0,17,43,20,1,0,40,28,32,48,51,33,16,10,59,5,7,26,7,60,17,40,62,56
2016-12-01,57,25,64,51,22,58,28,40,59,30,0,22,50,20,1,0,55,38,28,55,48,41,11,7,42,2,4,18,7,63,12,55,65,63
2017-01-01,80,35,87,63,32,85,33,38,53,28,0,22,52,28,1,1,50,35,31,52,50,43,14,8,46,3,3,28,6,70,13,50,78,81
2017-02-01,54,24,62,43,19,56,36,28,45,24,0,20,49,22,3,3,40,37,31,50,51,36,21,13,59,5,7,32,9,61,21,40,56,49
2017-03-01,59,29,61,43,24,58,34,28,44,23,0,19,44,19,4,4,41,41,34,47,53,32,19,12,65,6,7,29,8,57,20,41,56,48
2017-04-01,79,35,87,70,30,85,35,34,45,23,0,19,41,33,35,47,42,41,33,58,50,43,19,10,60,5,6,30,10,61,22,42,59,58
2017-05-01,54,22,54,40,20,50,33,34,45,25,0,19,41,20,28,38,44,51,36,50,52,31,20,10,66,6,8,34,10,64,20,44,58,50
2017-06-01,78,31,74,55,26,77,31,35,47,25,0,20,43,21,2,1,40,50,38,56,51,38,17,8,51,3,6,31,11,68,16,40,72,71
2017-07-01,66,27,72,49,26,64,30,36,50,26,0,19,43,23,2,1,33,28,40,49,49,47,14,9,50,5,5,29,11,63,13,33,67,60
2017-08-01,55,20,54,38,19,49,34,29,45,24,0,18,40,24,2,1,34,27,39,51,50,49,19,10,63,8,7,32,11,66,21,34,59,55
2017-09-01,58,26,61,42,23,51,34,31,45,21,0,18,37,18,7,0,37,38,56,59,50,34,18,10,65,8,8,35,13,61,23,37,56,50
2017-10-01,57,21,65,40,19,50,32,30,47,23,0,20,41,17,3,0,29,39,37,50,48,35,20,10,67,7,8,42,14,60,26,29,58,55
2017-11-01,60,22,71,45,20,56,31,37,51,26,0,20,44,20,1,0,26,40,30,52,48,37,21,10,70,8,8,35,17,60,24,26,63,53
2017-12-01,66,23,77,49,20,64,28,46,61,31,0,20,53,21,1,0,25,38,31,54,49,41,13,7,48,4,4,27,15,66,16,25,66,65
2018-01-01,84,29,93,62,25,83,31,41,57,30,0,22,56,24,1,1,29,29,38,62,51,44,12,8,52,4,5,44,16,70,16,29,83,82
2018-02-01,56,20,62,39,17,53,33,33,46,25,0,20,48,18,3,3,26,30,34,58,54,34,20,12,70,9,7,39,18,64,25,26,56,51
2018-03-01,60,21,63,35,18,49,33,33,46,24,0,18,48,21,5,7,22,25,41,50,52,38,21,10,64,8,7,37,20,60,24,22,59,58
2018-04-01,60,23,62,41,23,50,33,35,47,25,0,20,45,19,53,69,22,28,30,54,51,33,20,11,70,8,7,41,21,62,26,22,56,46
2018-05-01,58,20,60,43,23,54,31,36,45,24,0,18,42,20,10,14,23,29,40,55,56,30,21,10,73,8,8,41,21,60,27,23,54,46
2018-06-01,73,26,80,55,26,76,37,37,49,27,0,20,48,86,1,1,27,59,100,54,62,76,16,8,51,6,6,36,22,59,19,27,64,60
2018-07-01,68,23,77,58,25,64,33,37,50,28,0,18,47,32,1,1,27,36,71,55,52,54,15,8,51,6,7,34,25,63,18,27,78,62
2018-08-01,57,17,60,47,15,47,32,38,45,25,0,16,43,16,2,1,22,24,35,57,44,58,22,11,66,9,8,47,24,64,23,22,66,54
2018-09-01,66,20,62,52,20,55,33,38,45,26,0,21,41,15,9,0,32,32,46,54,50,36,21,10,68,8,8,46,31,62,28,32,65,49
2018-10-01,64,20,56,48,18,46,32,39,47,27,0,19,40,17,4,1,23,29,35,49,46,34,21,10,66,10,8,48,31,62,28,23,74,57
2018-11-01,71,27,69,57,23,52,29,40,51,28,0,16,37,16,1,0,22,27,26,54,49,32,17,9,64,9,8,41,34,65,24,22,70,58
2018-12-01,83,25,81,60,28,64,27,49,61,35,1,19,45,20,1,0,17,25,35,55,44,41,12,7,47,4,4,32,31,67,19,17,76,68
2019-01-01,99,29,99,79,30,82,30,46,57,31,0,19,51,19,2,2,23,30,38,82,51,45,15,8,51,5,5,49,32,66,21,23,90,84
2019-02-01,55,16,46,38,16,38,34,39,48,27,0,19,42,21,3,5,23,31,40,75,50,34,27,12,68,10,10,57,44,60,28,23,62,48
2019-03-01,70,21,64,54,18,48,32,38,46,26,0,20,40,16,5,7,21,25,29,60,47,31,21,11,63,10,9,52,41,56,28,21,63,52
2019-04-01,100,32,100,100,31,83,30,42,53,27,0,19,43,20,44,60,22,24,26,61,46,43,20,10,63,8,9,53,44,61,27,22,66,58
2019-05-01,66,19,64,58,19,52,30,37,48,26,0,17,37,15,26,38,18,32,33,58,47,31,25,10,71,11,9,59,53,54,28,18,61,49
2019-06-01,87,26,83,79,24,70,31,42,51,30,0,18,39,21,2,1,19,39,65,54,48,60,17,8,62,8,8,53,53,61,29,19,77,69
2019-07-01,82,24,80,76,21,68,30,44,52,32,0,18,41,14,2,1,23,38,48,52,49,47,19,9,61,8,10,60,57,61,30,23,76,63
2019-08-01,59,15,57,53,15,49,29,42,51,29,0,19,39,12,3,0,23,37,26,48,45,52,26,9,68,11,9,63,58,60,32,23,70,61
2019-09-01,52,16,50,45,14,40,29,39,50,28,0,18,36,14,8,0,19,35,35,55,47,31,31,9,73,11,12,61,54,57,40,19,66,52
2019-10-01,74,23,72,68,17,61,29,44,49,28,0,17,37,14,4,1,18,28,30,51,53,33,27,9,70,10,10,64,49,58,39,18,70,58
2019-11-01,64,17,59,55,16,50,28,48,53,30,0,20,38,12,1,1,16,31,31,71,55,32,26,10,66,11,9,70,45,61,33,16,79,59
2019-12-01,59,16,56,51,16,47,26,54,62,33,1,19,42,15,1,1,16,32,21,51,48,37,14,8,49,6,6,57,39,65,27,16,100,76
2020-01-01,73,23,65,60,18,53,30,54,61,34,1,19,52,16,2,2,24,41,27,56,48,40,19,9,55,6,8,80,43,71,31,24,93,84
2020-02-01,53,17,47,45,13,40,31,46,50,27,1,18,42,15,3,4,22,43,29,57,49,32,32,13,66,13,9,76,38,61,44,22,62,49
2020-03-01,27,6,19,20,5,13,39,58,57,30,1,21,52,18,2,3,20,38,39,100,55,26,33,11,77,11,10,77,58,69,40,20,35,28
2020-04-01,12,1,1,2,0,1,46,63,78,36,1,22,64,13,5,10,26,24,30,72,45,32,39,10,81,10,16,100,100,87,43,26,16,12
2020-05-01,10,1,1,2,0,1,43,57,75,35,1,18,57,13,2,3,24,22,21,52,43,22,45,10,83,12,22,90,76,83,42,24,16,15
2020-06-01,10,2,1,2,0,1,39,58,75,37,1,16,54,13,1,0,23,22,21,49,43,21,34,9,71,9,19,77,60,73,39,23,19,16
2020-07-01,8,1,1,2,0,2,38,63,73,38,2,18,65,13,1,0,25,22,22,49,45,21,30,9,73,8,19,78,66,75,37,25,19,16
2020-08-01,9,2,1,2,0,1,38,58,66,34,2,18,54,13,1,0,22,19,21,47,46,25,42,9,76,10,18,81,61,76,39,22,24,20
2020-09-01,10,2,2,3,2,2,36,54,63,31,2,17,52,12,1,0,22,19,28,45,46,22,56,10,77,11,19,74,42,69,50,22,33,31
2020-10-01,10,1,2,3,2,3,32,60,59,31,1,20,47,16,1,0,23,17,28,40,46,23,40,8,67,10,17,65,37,67,34,23,47,43
2020-11-01,12,2,9,9,3,7,31,60,64,32,29,16,43,14,1,0,21,16,29,46,45,21,35,8,62,10,19,60,36,63,28,21,44,40
2020-12-01,13,2,22,23,6,13,29,67,69,35,5,19,43,13,0,0,21,19,21,47,45,18,19,6,49,5,10,47,37,65,23,21,51,49
2021-01-01,12,1,13,14,4,9,31,69,69,35,6,15,50,14,0,0,38,32,28,58,44,19,18,6,52,5,11,61,40,71,22,38,57,55
2021-02-01,13,2,18,19,4,13,33,57,64,30,5,19,48,10,1,0,36,34,16,38,43,19,37,10,72,8,15,67,32,67,27,36,46,41
2021-03-01,19,2,27,34,7,22,31,55,55,29,25,19,42,10,1,0,33,33,19,41,42,18,44,10,65,10,20,63,31,69,29,33,47,46
2021-04-01,15,2,22,22,3,12,32,61,61,31,100,19,46,11,1,0,32,34,26,53,44,20,45,9,63,9,18,72,37,73,31,32,37,34
2021-05-01,13,2,19,20,3,14,29,59,59,30,47,15,38,9,1,0,36,37,41,69,51,17,37,8,62,8,15,74,36,72,47,36,37,31
2021-06-01,45,10,52,64,15,52,28,59,63,32,40,15,37,18,1,1,37,41,45,42,46,24,33,7,57,6,17,69,39,65,52,37,53,49
2021-07-01,41,10,39,44,13,34,29,61,66,33,49,15,37,12,2,1,32,40,42,38,42,23,28,8,52,6,14,66,35,65,30,32,62,53
2021-08-01,31,7,25,30,7,21,29,57,64,30,50,17,35,8,4,6,29,37,22,38,45,22,33,8,58,8,17,71,34,66,31,29,59,50
2021-09-01,25,6,21,22,6,15,27,58,60,27,41,17,33,9,6,1,29,37,28,33,48,19,41,9,66,11,20,77,31,62,39,29,58,48
2021-10-01,32,8,28,29,8,20,28,55,54,28,41,20,31,9,4,0,24,35,26,34,45,18,35,8,58,9,17,62,29,64,34,24,56,54
2021-11-01,39,13,40,50,12,31,24,55,57,30,43,17,34,9,1,1,21,29,21,32,47,18,36,9,57,9,18,69,33,59,33,21,59,52
2021-12-01,58,16,63,70,20,55,21,62,63,36,49,16,36,12,1,0,21,27,19,37,48,21,20,6,49,4,9,49,36,62,28,21,62,58
2022-01-01,40,10,35,38,11,32,29,67,67,38,47,21,40,11,1,1,27,28,29,39,47,23,20,7,60,5,10,68,35,75,36,27,76,77
2022-02-01,28,8,31,48,7,19,30,60,66,33,51,25,35,10,1,1,22,22,25,45,48,21,41,13,73,12,18,75,33,62,55,22,55,46
2022-03-01,32,8,28,35,7,23,30,57,60,34,44,23,35,10,4,5,21,22,30,42,49,20,45,12,76,14,16,68,32,68,66,21,55,52
2022-04-01,38,9,32,41,7,29,27,63,57,32,48,20,35,10,46,86,20,20,23,36,47,28,42,11,80,12,16,73,33,68,77,20,61,55
2022-05-01,37,8,32,40,8,29,27,58,57,33,43,22,34,9,10,17,21,22,29,39,50,20,46,11,78,13,17,75,35,73,100,21,54,44
2022-06-01,42,8,37,43,6,34,26,60,59,36,51,21,34,9,2,1,19,29,33,40,54,22,34,9,73,11,15,68,37,65,75,19,60,54
2022-07-01,48,11,44,50,9,38,25,60,57,34,52,22,36,8,1,0,20,22,33,39,48,24,33,8,65,12,14,68,36,64,56,20,67,57
2022-08-01,32,8,27,25,4,22,27,58,57,32,50,21,32,8,2,1,20,18,21,34,48,30,42,10,83,15,15,71,37,62,70,20,59,50
2022-09-01,32,6,27,25,6,22,25,57,52,33,47,18,34,8,6,0,23,23,22,36,47,21,44,10,82,14,18,71,40,62,73,23,56,45
2022-10-01,39,7,34,35,6,29,25,60,51,32,51,21,33,12,4,0,22,27,22,33,47,20,40,9,76,15,17,73,37,63,69,22,60,50
2022-11-01,36,7,31,33,6,25,24,58,60,33,56,19,32,42,1,0,21,34,56,32,47,40,40,10,78,14,17,73,38,61,72,21,57,45
2022-12-01,44,9,42,46,7,38,21,64,65,38,62,16,36,23,1,1,20,35,66,31,47,35,22,7,60,16,10,52,40,61,50,20,60,52
2023-01-01,54,10,57,57,9,42,25,67,67,40,64,21,42,11,1,1,22,28,22,33,45,25,26,8,67,20,10,80,40,68,52,22,73,67
2023-02-01,45,8,42,45,8,35,26,54,57,35,56,21,40,9,2,3,19,23,24,37,50,22,47,12,82,46,15,81,39,66,68,19,52,40
2023-03-01,37,7,36,42,6,24,25,54,55,32,59,19,37,7,5,9,23,25,24,36,48,19,48,11,82,58,16,72,43,62,72,23,50,39
2023-04-01,65,11,65,69,13,55,24,57,57,35,64,18,36,8,48,100,23,33,23,33,47,25,42,10,78,85,18,71,39,70,60,23,55,44
2023-05-01,49,8,45,57,9,38,23,52,62,32,58,20,36,8,8,13,21,29,28,33,48,17,44,10,82,89,17,75,36,65,59,21,50,41
2023-06-01,49,9,43,49,8,41,23,55,63,34,66,17,35,9,2,1,24,37,34,36,50,20,32,9,70,62,14,69,37,67,47,24,60,50
2023-07-01,71,13,73,83,15,61,25,56,62,35,68,18,32,8,1,1,23,34,33,33,46,23,32,8,60,64,13,71,37,68,42,23,62,48
2023-08-01,38,8,37,42,7,32,24,53,55,32,68,17,29,7,2,0,19,27,30,35,47,26,38,10,78,72,14,75,36,68,56,19,53,40
2023-09-01,47,9,44,49,7,35,22,53,52,33,68,18,29,8,7,1,18,29,30,30,48,20,40,10,75,85,17,83,35,64,62,18,50,39
2023-10-01,42,7,40,45,9,33,23,54,52,34,75,21,30,8,3,0,22,33,29,36,51,18,38,9,75,96,15,78,33,66,55,22,55,41
2023-11-01,34,6,30,33,6,23,23,54,56,33,77,17,33,7,1,1,20,35,26,28,47,18,37,9,80,85,15,78,34,65,53,20,57,42
2023-12-01,39,8,35,35,7,27,21,61,65,38,75,18,36,8,1,1,17,36,20,29,45,18,21,7,57,41,8,54,37,73,34,17,60,47
2024-01-01,45,9,47,48,8,33,24,66,63,37,74,21,38,9,1,2,16,19,21,33,44,22,26,9,65,49,8,84,37,79,37,16,71,58
2024-02-01,37,8,39,50,8,27,25,56,57,34,64,22,41,6,2,4,15,31,16,30,40,19,43,14,91,83,15,87,37,71,66,15,58,36
2024-03-01,45,9,49,54,9,34,22,48,55,33,62,19,39,8,4,8,16,38,22,27,38,22,37,11,83,80,14,79,39,62,60,16,63,39
2024-04-01,32,7,35,33,7,23,22,46,52,31,59,17,34,8,41,98,13,37,25,28,41,17,41,11,87,84,16,83,36,67,62,13,54,31
2024-05-01,36,7,41,40,10,27,22,47,50,31,57,21,33,6,8,17,12,32,25,29,40,16,41,10,88,82,15,76,33,63,59,12,54,37
2024-06-01,78,14,86,91,23,72,22,49,56,32,56,22,33,20,1,2,13,37,45,26,37,24,31,9,74,64,12,73,33,68,43,13,63,48
2024-07-01,47,9,51,53,15,37,23,49,56,33,56,19,32,18,1,1,13,35,63,29,43,21,26,9,78,63,10,66,29,64,39,13,57,40
2024-08-01,46,9,48,52,15,32,23,50,57,32,56,21,31,6,3,1,11,24,31,30,39,27,37,10,91,73,13,73,35,70,52,11,60,41
2024-09-01,34,7,35,30,9,25,22,45,53,29,53,21,30,6,8,1,12,24,40,30,41,18,38,10,90,77,13,71,33,70,55,12,56,36
2024-10-01,38,9,36,37,14,26,22,51,52,33,49,20,29,8,2,0,11,20,26,26,39,19,33,10,90,76,15,70,33,70,54,11,61,39
2024-11-01,37,9,33,35,13,26,22,48,57,31,50,19,30,8,3,1,12,21,22,24,37,16,33,10,90,67,13,68,31,66,49,12,57,37
2024-12-01,36,9,34,35,12,26,20,49,60,34,54,19,30,8,1,1,13,19,13,22,36,14,20,7,74,39,10,47,34,73,33,13,61,44
2025-01-01,41,11,36,35,12,33,23,50,57,32,56,22,34,9,1,2,18,20,21,33,38,18,22,9,79,47,8,80,32,74,37,18,70,50
2025-02-01,28,8,26,27,8,21,23,47,48,31,46,21,30,8,3,4,14,21,19,26,37,16,35,11,94,82,15,81,32,74,56,14,47,30
2025-03-01,28,7,24,25,10,17,23,43,49,27,46,22,29,7,5,10,12,20,22,23,35,14,37,11,100,78,14,73,31,72,53,12,48,32
2025-04-01,32,9,30,31,14,21,23,46,55,28,44,26,27,9,22,56,12,22,16,23,34,19,31,11,98,71,14,75,32,68,48,12,52,33
2025-05-01,45,11,49,53,19,35,22,43,50,27,44,24,25,6,21,55,11,21,18,25,36,13,35,11,97,75,15,82,33,69,52,11,53,32
2025-06-01,42,11,38,37,16,34,21,46,50,28,42,27,25,7,2,2,10,23,24,29,36,17,32,11,87,60,13,88,32,73,45,10,67,45
2025-07-01,38,12,36,39,16,25,23,46,50,31,46,25,25,6,2,1,11,11,22,25,35,16,28,9,90,57,11,63,36,71,36,11,59,36
2025-08-01,36,12,36,39,15,28,23,51,48,30,49,24,26,5,2,1,10,12,30,24,38,35,28,9,89,58,12,60,40,67,41,10,50,35
